-- phpMyAdmin SQL Dump
-- version 5.2.0
-- https://www.phpmyadmin.net/
--
-- Gép: 127.0.0.1
-- Létrehozás ideje: 2022. Nov 25. 20:28
-- Kiszolgáló verziója: 10.4.25-MariaDB
-- PHP verzió: 8.1.10

SET SQL_MODE = "NO_AUTO_VALUE_ON_ZERO";
START TRANSACTION;
SET time_zone = "+00:00";


/*!40101 SET @OLD_CHARACTER_SET_CLIENT=@@CHARACTER_SET_CLIENT */;
/*!40101 SET @OLD_CHARACTER_SET_RESULTS=@@CHARACTER_SET_RESULTS */;
/*!40101 SET @OLD_COLLATION_CONNECTION=@@COLLATION_CONNECTION */;
/*!40101 SET NAMES utf8mb4 */;

--
-- Adatbázis: `szoftverleltar`
--
CREATE DATABASE IF NOT EXISTS `szoftverleltar` DEFAULT CHARACTER SET utf8mb4 COLLATE utf8mb4_general_ci;
USE `szoftverleltar`;

-- --------------------------------------------------------

--
-- Tábla szerkezet ehhez a táblához `felhasznalok`
--

CREATE TABLE `felhasznalok` (
  `id` int(10) UNSIGNED NOT NULL,
  `csaladi_nev` varchar(45) NOT NULL DEFAULT '',
  `uto_nev` varchar(45) NOT NULL DEFAULT '',
  `login` varchar(12) NOT NULL DEFAULT '',
  `jelszo` varchar(255) NOT NULL DEFAULT '',
  `admin` tinyint(1) DEFAULT 0
) ENGINE=InnoDB DEFAULT CHARSET=utf8mb4;

--
-- A tábla adatainak kiíratása `felhasznalok`
--

INSERT INTO `felhasznalok` (`id`, `csaladi_nev`, `uto_nev`, `login`, `jelszo`, `admin`) VALUES
(33, 'admin', 'admin', 'admin', '$2y$10$XVhyEGWwo3APCL99cQnHmug1SLIni6cmDwz1Npa9M0Wm2YBFMHxYu', 1);

-- --------------------------------------------------------

--
-- Tábla szerkezet ehhez a táblához `gep`
--

CREATE TABLE `gep` (
  `id` int(11) UNSIGNED NOT NULL,
  `hely` varchar(30) NOT NULL DEFAULT '',
  `tipus` varchar(30) NOT NULL DEFAULT '',
  `ipcim` varchar(30) NOT NULL DEFAULT ''
) ENGINE=InnoDB DEFAULT CHARSET=utf8mb4;

--
-- A tábla adatainak kiíratása `gep`
--

INSERT INTO `gep` (`id`, `hely`, `tipus`, `ipcim`) VALUES
(1, 'T403', 'asztali', '192.168.2.1'),
(2, 'T212', 'asztali', '192.168.2.2'),
(3, 'T302', 'asztali', '192.168.2.3'),
(4, 'T108', 'notebook', '192.168.1.1'),
(5, 'T301', 'asztali', '192.168.2.4'),
(6, 'T306', 'asztali', '192.168.2.5'),
(7, 'T209', 'notebook', '192.168.4.1'),
(8, 'T208', 'notebook', '192.168.4.2'),
(9, 'T110', 'notebook', '192.168.1.2'),
(10, 'T310', 'asztali', '192.168.2.6'),
(11, 'T207', 'asztali', '192.168.2.7'),
(12, 'T109', 'notebook', '192.168.1.3'),
(13, 'T104', 'asztali', '192.168.2.8'),
(14, 'T208', 'notebook', '192.168.4.3'),
(15, 'T106', 'notebook', '192.168.1.4'),
(16, 'T201', 'asztali', '192.168.2.9'),
(17, 'T309', 'asztali', '192.168.2.10'),
(18, 'T402', 'asztali', '192.168.2.11'),
(19, 'T404', 'asztali', '192.168.2.12'),
(20, 'T110', 'notebook', '192.168.1.5'),
(21, 'T107', 'asztali', '192.168.2.13'),
(22, 'T205', 'notebook', '192.168.1.6'),
(23, 'T010', 'asztali', '192.168.2.14'),
(24, 'T009', 'asztali', '192.168.2.15'),
(25, 'T001', 'notebook', '192.168.1.7'),
(26, 'T401', 'notebook', '192.168.1.8'),
(27, 'T305', 'asztali', '192.168.3.1'),
(28, 'T102', 'notebook', '192.168.1.9'),
(29, 'T208', 'notebook', '192.168.4.4'),
(30, 'T408', 'asztali', '192.168.2.16'),
(31, 'T007', 'asztali', '192.168.3.2'),
(32, 'T011', 'notebook', '192.168.1.10'),
(33, 'T004', 'asztali', '192.168.2.17'),
(34, 'T202', 'asztali', '192.168.2.18'),
(35, 'T006', 'asztali', '192.168.3.3'),
(36, 'T407', 'asztali', '192.168.2.19'),
(37, 'T304', 'notebook', '192.168.1.11'),
(38, 'T203', 'notebook', '192.168.1.12'),
(39, 'T105', 'asztali', '192.168.2.20'),
(40, 'T103', 'asztali', '192.168.2.21'),
(41, 'T003', 'notebook', '192.168.1.13'),
(42, 'T311', 'asztali', '192.168.2.22'),
(43, 'T007', 'asztali', '192.168.3.4'),
(44, 'T008', 'asztali', '192.168.2.23'),
(45, 'T206', 'asztali', '192.168.2.24'),
(46, 'T307', 'asztali', '192.168.2.25'),
(47, 'T106', 'notebook', '192.168.1.14'),
(48, 'T312', 'asztali', '192.168.2.26'),
(49, 'T308', 'notebook', '192.168.1.15'),
(50, 'T211', 'notebook', '192.168.1.16'),
(51, 'T406', 'asztali', '192.168.2.27'),
(52, 'T002', 'asztali', '192.168.2.28'),
(53, 'T012', 'asztali', '192.168.2.29'),
(54, 'T110', 'notebook', '192.168.1.17'),
(55, 'T102', 'notebook', '192.168.1.18'),
(56, 'T108', 'notebook', '192.168.1.19'),
(57, 'T303', 'asztali', '192.168.2.30'),
(58, 'T005', 'notebook', '192.168.1.20'),
(59, 'T006', 'asztali', '192.168.3.5'),
(60, 'T203', 'notebook', '192.168.1.21'),
(61, 'T111', 'asztali', '192.168.2.31'),
(62, 'T208', 'notebook', '192.168.4.5'),
(63, 'T106', 'notebook', '192.168.1.22'),
(64, 'T409', 'notebook', '192.168.1.23'),
(65, 'T005', 'notebook', '192.168.1.24'),
(66, 'T101', 'asztali', '192.168.2.32'),
(67, 'T005', 'notebook', '192.168.1.25'),
(68, 'T405', 'asztali', '192.168.2.33'),
(69, 'T305', 'asztali', '192.168.3.6'),
(70, 'T204', 'asztali', '192.168.2.34'),
(71, 'T112', 'notebook', '192.168.1.26'),
(72, 'T305', 'asztali', '192.168.3.7'),
(73, 'T003', 'notebook', '192.168.1.27'),
(74, 'T305', 'asztali', '192.168.3.8'),
(75, 'T210', 'asztali', '192.168.2.35'),
(76, 'T208', 'notebook', '192.168.4.6');

-- --------------------------------------------------------

--
-- Tábla szerkezet ehhez a táblához `menu`
--

CREATE TABLE `menu` (
  `id` int(11) NOT NULL,
  `szulo` int(11) DEFAULT NULL,
  `nev` varchar(255) NOT NULL,
  `url` varchar(255) NOT NULL,
  `jogosultsag` tinyint(4) NOT NULL
) ENGINE=InnoDB DEFAULT CHARSET=utf8mb4;

--
-- A tábla adatainak kiíratása `menu`
--

INSERT INTO `menu` (`id`, `szulo`, `nev`, `url`, `jogosultsag`) VALUES
(1, NULL, 'Főoldal', '/home/index', 0),
(3, NULL, 'Leltár', '/inventory/index', 1),
(4, NULL, 'REST', '', 1),
(5, 4, 'Külső kliens', '/rest/external', 1),
(6, 4, 'Belső kliens', '/rest/internal', 2);

-- --------------------------------------------------------

--
-- Tábla szerkezet ehhez a táblához `szoftver`
--

CREATE TABLE `szoftver` (
  `id` int(11) UNSIGNED NOT NULL,
  `nev` varchar(2000) NOT NULL,
  `kategoria` varchar(50) NOT NULL
) ENGINE=InnoDB DEFAULT CHARSET=utf8mb4;

--
-- A tábla adatainak kiíratása `szoftver`
--

INSERT INTO `szoftver` (`id`, `nev`, `kategoria`) VALUES
(1, 'AIR', 'plug-in'),
(2, 'FastStone Image Viewer', 'képkezelés'),
(5, 'InfraRecorder', 'DVD-írás'),
(7, 'PDF Split And Merge Basic', 'pdf-manipulálás'),
(9, 'CCleaner', 'gépkarbantartás'),
(11, 'Tracker', 'fizika oktatás'),
(12, 'Acrobat Reader', 'pdf-olvasás'),
(13, 'Multivox 4 Magyar szövegfelolvasó', 'szövegfelolvasó'),
(14, 'WinMerge', 'fájlösszehasonlítás'),
(15, 'Free Pascal', 'fejlesztő környezet'),
(17, 'Geany', 'editor'),
(18, 'Euler3D', 'matematika oktatás'),
(19, 'IrfanView', 'képkezelés'),
(20, 'Blender', 'modellezés'),
(21, 'Flash Player ActiveX', 'plug-in'),
(22, 'CDBurnerXP', 'DVD-írás'),
(23, 'Java SE Development Kit', 'fejlesztő környezet'),
(24, 'Flash Player PPAPI', 'plug-in'),
(25, 'SharePoint Designer 2007', 'webszerkesztés'),
(27, 'K-Lite Mega Codec Pack', 'médialejátszás'),
(28, 'Notepad++', 'editor'),
(29, 'PatchCleaner', 'gépkarbantartás'),
(30, 'Audacity', 'hangszerkesztés'),
(34, 'Java', 'plug-in'),
(35, 'Visual Studio 2013', 'fejlesztő környezet'),
(36, 'Greenshot', 'képernyőkép-készítés'),
(38, 'Lynx 4', 'interaktív tábla'),
(39, 'PuTTY', 'távoli terminál'),
(40, 'Google Föld', 'virtuális földgömb'),
(42, 'PDFCreator', 'pdf-generálás'),
(44, 'MuseScore', 'kottaírás'),
(45, 'Disk Drill', 'adathelyreállítás'),
(46, 'Flash Player NPAPI', 'plug-in'),
(48, 'Google Drive', 'online fájltárolás'),
(49, 'Google Earth', 'virtuális földgömb'),
(50, 'Filzip', 'tömörítés'),
(51, 'FreeCommander XE', 'fájlkezelés'),
(53, 'Reader', 'pdf-olvasás'),
(54, 'Wings 3D', 'modellezés'),
(55, 'Windows Live Essentials', 'alkalmazás gyűjtemény'),
(56, 'Imagine', 'fejlesztő környezet'),
(57, 'LibreOffice', 'irodai programcsomag'),
(58, 'Windows Live Messenger', 'azonnali üzenetküldés'),
(59, 'Scratch 2 Offline Editor', 'fejlesztő környezet'),
(60, 'Inkscape', 'vektorgarfikus szerkesztés'),
(61, 'Adafor', 'adminisztráció'),
(62, 'Skype', 'azonnali üzenetküldés'),
(63, 'Mozilla Firefox', 'böngészés'),
(64, 'Opera', 'böngészés'),
(65, 'Dev-C++', 'fejlesztő környezet'),
(66, 'NetBeans IDE', 'fejlesztő környezet'),
(67, 'Shockwave Player', 'plug-in'),
(68, 'Foxit Reader', 'pdf-olvasás'),
(69, 'Movie Maker', 'videószerkesztés'),
(70, 'Silverlight', 'plug-in'),
(71, 'KompoZer', 'webszerkesztés'),
(72, 'SMART Notebook Interactive Viewer', 'interaktív tábla'),
(73, 'Euklides', 'matematika oktatás'),
(74, 'paint.net', 'képszerkesztés'),
(75, 'WinSCP', 'távoli fájlhozzáférés'),
(76, 'SVG Viewer', 'plug-in'),
(78, 'VUE', 'gondolattérkép készítés'),
(79, 'mimio Studio', 'interaktív tábla'),
(80, 'Real Alternative', 'médialejátszás'),
(81, 'XnView', 'képkezelés'),
(82, 'Windows Live Movie Maker', 'videószerkesztés'),
(83, 'Picasa', 'képszerkesztés'),
(84, 'SMART Notebook', 'interaktív tábla'),
(85, 'Double Commander', 'fájlkezelés'),
(86, 'ImgBurn', 'DVD-írás'),
(87, 'Google Chrome', 'böngészés'),
(88, 'VLC media player', 'médialejátszás'),
(89, 'FileZilla Client', 'távoli fájlhozzáférés'),
(90, 'GeoGebra', 'matematika oktatás'),
(91, 'FFmpeg for Audacity', 'hangszerkesztés'),
(92, 'BS.Player FREE', 'médialejátszás'),
(94, 'Dia', 'diagramkészítés'),
(95, 'Visual Studio 2015', 'fejlesztő környezet'),
(96, 'Open-Sankoré', 'interaktív tábla'),
(97, 'GIMP', 'képszerkesztés'),
(99, 'Freeplane', 'gondolattérkép készítés'),
(101, 'Dropbox', 'online fájltárolás'),
(102, '7-Zip', 'tömörítés'),
(103, 'K-Lite Codec Pack', 'médialejátszás'),
(104, 'EclipseCrossword', 'keresztrejtvény készítés'),
(105, 'FreeMind', 'gondolattérkép készítés'),
(107, 'teszsdasdsat', 'teszt'),
(108, 'teszt', 'teszt'),
(109, 'teszt', 'teszt'),
(110, 'teszt', 'teszt'),
(111, 'teszt', 'teszt'),
(112, 'teszt', 'teszt'),
(113, 'teszt', 'teszt');

-- --------------------------------------------------------

--
-- Tábla szerkezet ehhez a táblához `telepites`
--

CREATE TABLE `telepites` (
  `id` int(11) UNSIGNED NOT NULL,
  `gepid` int(11) UNSIGNED NOT NULL,
  `szoftverid` int(11) UNSIGNED NOT NULL,
  `verzio` varchar(50) NOT NULL,
  `datum` varchar(30) DEFAULT current_timestamp()
) ENGINE=InnoDB DEFAULT CHARSET=utf8mb4;

--
-- A tábla adatainak kiíratása `telepites`
--

INSERT INTO `telepites` (`id`, `gepid`, `szoftverid`, `verzio`, `datum`) VALUES
(1, 1, 55, 'ver15.4.3502.0922', '2011.07.21'),
(2, 1, 62, 'ver7.0.102', '2015.04.15'),
(3, 1, 82, 'ver15.4.3502.0922', '2011.07.21'),
(4, 1, 58, 'ver15.4.3502.0922', '2011.11.15'),
(5, 1, 57, 'ver5.1.5.2', '2016.09.22'),
(6, 1, 70, 'ver5.1.41212.0', '2016.01.13'),
(7, 1, 34, 'ver8.0.1020.14', '2016.10.03'),
(8, 1, 84, 'ver10.7.144.0', '2015.02.26'),
(9, 1, 87, 'ver54.0.2840.99', '2013.01.03'),
(10, 1, 12, 'ver15.020.20042', '2016.11.22'),
(11, 2, 72, 'ver2.0.103.0', '2016.10.24'),
(12, 2, 38, 'ver4', '2016.10.24'),
(13, 2, 1, 'ver24.0.0.180', '2016.12.14'),
(14, 2, 34, 'ver8.0.1120.15', '2016.11.10'),
(15, 2, 84, 'ver10.7.144.0', '2016.10.24'),
(16, 2, 68, 'ver8.1.0.1013', '2016.10.21'),
(17, 3, 34, 'ver6.0.450', '2016.12.07'),
(18, 3, 53, 'ver9.5.3', '2016.12.15'),
(19, 3, 38, 'ver4', '2012.02.14'),
(20, 3, 27, 'ver6.7.0', '2011.08.09'),
(21, 3, 40, 'ver6.0.0.1735', '2011.08.09'),
(22, 3, 69, 'ver16.4.3528.0331', '2016.12.06'),
(23, 3, 55, 'ver16.4.3528.0331', '2016.12.06'),
(24, 3, 70, 'ver5.1.50901.0', '2016.10.12'),
(25, 4, 7, 'ver3.0.20.0', '2016.11.24'),
(26, 4, 74, 'ver4.0.12', '2016.11.23'),
(27, 4, 81, 'ver2.39', '2016.11.23'),
(28, 4, 48, 'ver1.32.3889.0961', '2016.11.23'),
(29, 4, 60, 'ver0.91', '2016.11.23'),
(30, 4, 1, 'ver24.0.0.180', '2016.12.14'),
(31, 4, 103, 'ver12.6.0', '2016.11.23'),
(32, 4, 42, 'ver2.4.1', '2016.11.23'),
(33, 4, 97, 'ver2.8.18', '2016.11.23'),
(34, 4, 68, 'ver8.1.1.1115', '2016.11.23'),
(35, 4, 12, 'ver15.020.20042', '2016.11.24'),
(36, 4, 30, 'ver2.1.2', '2016.11.23'),
(37, 4, 78, 'ver3.3.1', '2016.11.24'),
(38, 4, 75, 'ver5.9.2', '2016.11.23'),
(39, 4, 34, 'ver8.0.1120.15', '2016.11.24'),
(40, 4, 85, 'ver0.7.6', '2016.11.24'),
(41, 4, 39, 'ver0.67', '2016.11.23'),
(42, 4, 90, 'ver5.0.286.0', '2016.11.23'),
(43, 4, 57, 'ver5.2.3.3', '2016.11.23'),
(44, 4, 29, 'ver1.4.20', '2016.11.24'),
(45, 4, 87, 'ver66.208.49239', '2016.12.14'),
(46, 5, 68, 'ver5.1.3.1201', '2012.05.18'),
(47, 5, 9, 'ver3.24', '2012.11.06'),
(48, 5, 90, 'ver5.0.212.0', '2016.03.09'),
(49, 5, 90, 'ver4.0.15.0', '2016.03.09'),
(50, 5, 34, 'ver8.0.1010.13', '2016.09.21'),
(51, 6, 34, 'ver8.0.1120.15', '2016.11.07'),
(52, 6, 12, 'ver15.020.20042', '2016.11.07'),
(53, 6, 68, 'ver7.2.8.1124', '2015.12.08'),
(54, 6, 102, 'ver16.03.00.0', '2016.09.30'),
(55, 7, 104, 'ver1.2.61', '2015.02.25'),
(56, 7, 30, 'ver2.1.0', '2015.04.01'),
(57, 7, 68, 'ver6.1.4.217', '2014.04.04'),
(58, 7, 34, 'ver8.0.1110.14', '2016.10.20'),
(59, 8, 7, 'ver2.2.2', '2013.05.16'),
(60, 8, 5, 'ver0.53.00.00', '2013.05.16'),
(61, 8, 97, 'ver2.8.18', '2016.08.22'),
(62, 8, 14, 'ver2.14.0', '2013.05.16'),
(63, 8, 29, 'ver1.4.20', '2016.04.25'),
(64, 8, 49, 'ver7.1.7.2606', '2016.10.28'),
(65, 8, 85, 'ver0.5.4', '2013.05.16'),
(66, 8, 57, 'ver5.1.2.2', '2016.04.11'),
(67, 8, 74, 'ver4.0.9', '2016.03.21'),
(68, 8, 86, 'ver2.5.8.0', '2014.08.23'),
(69, 8, 36, 'ver1.2.4.10', '2015.02.15'),
(70, 8, 70, 'ver5.1.41212.0', '2016.01.15'),
(71, 8, 22, 'ver4.5.5.5642', '2015.06.11'),
(72, 8, 68, 'ver7.3.4.311', '2016.03.21'),
(73, 8, 22, 'ver4.5.7.6452', '2016.12.05'),
(74, 8, 102, 'ver16.04.00.0', '2016.10.28'),
(75, 8, 30, 'ver2.1.2', '2016.04.25'),
(76, 8, 34, 'ver8.0.1120.15', '2016.10.28'),
(77, 8, 34, 'ver7.0.800', '2016.05.25'),
(78, 8, 39, 'ver0.67', '2016.03.21'),
(79, 8, 1, 'ver24.0.0.180', '2016.12.13'),
(80, 8, 42, 'ver2.4.1', '2016.12.05'),
(81, 8, 60, 'ver0.91', '2015.02.15'),
(82, 8, 87, 'ver55.0.2883.87', '2016.12.13'),
(83, 8, 103, 'ver12.1.0', '2016.04.25'),
(84, 8, 75, 'ver5.9.3', '2016.12.01'),
(85, 8, 12, 'ver15.020.20042', '2016.11.07'),
(86, 8, 81, 'ver2.35', '2016.03.21'),
(87, 9, 74, 'ver4.0.9', '2016.04.08'),
(88, 9, 30, 'ver2.1.2', '2016.03.22'),
(89, 9, 99, 'ver1.3.11', '2014.10.28'),
(90, 9, 22, 'ver4.5.7.6452', '2016.12.05'),
(91, 9, 60, 'ver0.91', '2015.02.09'),
(92, 9, 87, 'ver55.0.2883.87', '2016.12.07'),
(93, 9, 36, 'ver1.2.6.7', '2015.08.10'),
(94, 9, 57, 'ver5.1.6.2', '2016.11.08'),
(95, 9, 102, 'ver16.04.00.0', '2016.11.08'),
(96, 9, 97, 'ver2.8.18', '2016.08.24'),
(97, 9, 1, 'ver24.0.0.180', '2016.12.14'),
(98, 9, 34, 'ver8.0.1120.15', '2016.11.08'),
(99, 9, 39, 'ver0.67', '2016.04.08'),
(100, 9, 49, 'ver7.1.7.2606', '2016.11.08'),
(101, 9, 68, 'ver7.3.4.311', '2016.04.08'),
(102, 9, 84, 'ver11.1.1209.0', '2014.10.28'),
(103, 9, 75, 'ver5.9.3', '2016.12.05'),
(104, 9, 105, 'ver1.0.1', '2014.10.28'),
(105, 9, 7, 'ver2.2.4', '2016.12.07'),
(106, 9, 86, 'ver2.5.8.0', '2014.10.28'),
(107, 9, 70, 'ver5.1.50901.0', '2016.10.12'),
(108, 9, 81, 'ver2.35', '2016.04.08'),
(109, 9, 30, 'ver2.1.0', '2015.08.10'),
(110, 9, 42, 'ver2.4.1', '2016.12.05'),
(111, 9, 103, 'ver12.0.5', '2016.04.08'),
(112, 9, 14, 'ver2.14.0', '2014.10.28'),
(113, 9, 23, 'ver8.0.250.18', '2014.10.28'),
(114, 9, 12, 'ver15.020.20042', '2016.11.07'),
(115, 10, 70, 'ver5.1.50901.0', '2016.10.12'),
(116, 10, 1, 'ver23.0.0.257', '2016.10.10'),
(117, 10, 68, 'ver8.0.2.805', '2016.10.10'),
(118, 10, 72, 'ver2.0.103.0', '2016.10.11'),
(119, 10, 34, 'ver8.0.1120.15', '2016.11.24'),
(120, 10, 84, 'ver10.7.144.0', '2016.10.11'),
(121, 11, 1, 'ver24.0.0.180', '2016.12.14'),
(122, 11, 20, 'ver2.78.1', '2016.11.03'),
(123, 11, 7, 'ver3.0.20.0', '2016.11.04'),
(124, 11, 97, 'ver2.8.18', '2016.11.03'),
(125, 11, 59, 'ver255', '2016.11.04'),
(126, 11, 103, 'ver12.5.0', '2016.11.03'),
(127, 11, 39, 'ver0.67', '2016.11.03'),
(128, 11, 48, 'ver1.32.4066.7445', '2016.12.09'),
(129, 11, 57, 'ver5.2.2.2', '2016.11.03'),
(130, 11, 25, 'ver12.0.6612.1000', '2016.11.24'),
(131, 11, 49, 'ver7.1.7.2606', '2016.11.04'),
(132, 11, 29, 'ver1.4.20', '2016.11.03'),
(133, 11, 86, 'ver2.5.8.0', '2016.11.04'),
(134, 11, 60, 'ver0.91', '2016.11.03'),
(135, 11, 30, 'ver2.1.2', '2016.11.03'),
(136, 11, 90, 'ver5.0.286.0', '2016.11.04'),
(137, 11, 95, 'ver14.0.23107', '2016.11.03'),
(138, 11, 78, 'ver3.3.1', '2016.11.04'),
(139, 11, 81, 'ver2.38', '2016.11.03'),
(140, 11, 70, 'ver5.1.50901.0', '2016.11.04'),
(141, 11, 42, 'ver2.4.1', '2016.12.01'),
(142, 11, 22, 'ver4.5.7.6452', '2016.12.01'),
(143, 11, 68, 'ver8.1.0.1013', '2016.11.03'),
(144, 11, 53, 'ver11.0.18', '2016.11.03'),
(145, 11, 74, 'ver4.0.12', '2016.11.03'),
(146, 11, 44, 'ver2.0.3', '2016.11.04'),
(147, 11, 91, 'ver2.2.2', '2016.11.04'),
(148, 11, 5, 'ver0.53.00.00', '2016.11.04'),
(149, 11, 87, 'ver55.0.2883.87', '2016.12.14'),
(150, 11, 22, 'ver4.5.7.6389', '2016.11.04'),
(151, 11, 75, 'ver5.9.3', '2016.12.09'),
(152, 11, 85, 'ver0.7.6', '2016.11.04'),
(153, 11, 14, 'ver2.14.0', '2016.11.04'),
(154, 12, 29, 'ver1.4.20', '2016.05.03'),
(155, 12, 12, 'ver15.020.20042', '2016.11.05'),
(156, 12, 34, 'ver8.0.1120.15', '2016.11.05'),
(157, 12, 103, 'ver12.3.5', '2016.08.19'),
(158, 12, 60, 'ver0.91', '2015.03.08'),
(159, 12, 74, 'ver4.0.10', '2016.08.19'),
(160, 12, 39, 'ver0.67', '2016.03.20'),
(161, 12, 49, 'ver7.1.7.2606', '2016.11.05'),
(162, 12, 68, 'ver8.0.2.805', '2016.08.19'),
(163, 12, 81, 'ver2.36', '2016.05.03'),
(164, 12, 48, 'ver1.32.3889.0961', '2016.11.22'),
(165, 12, 87, 'ver54.0.2840.99', '2016.11.14'),
(166, 12, 70, 'ver5.1.50901.0', '2016.10.12'),
(167, 12, 1, 'ver23.0.0.257', '2016.09.20'),
(168, 12, 86, 'ver2.5.8.0', '2014.08.15'),
(169, 12, 14, 'ver2.14.0', '2013.08.25'),
(170, 12, 90, 'ver5.0.268.0', '2016.08.20'),
(171, 12, 75, 'ver5.9.3', '2016.12.05'),
(172, 12, 91, 'ver0.6.2', '2012.11.02'),
(173, 12, 80, 'ver2.0.2', '2012.11.02'),
(174, 12, 57, 'ver5.2.0.4', '2016.08.19'),
(175, 12, 36, 'ver1.2.8.12', '2016.05.03'),
(176, 12, 102, 'ver16.04.00.0', '2016.11.05'),
(177, 12, 85, 'ver0.5.4', '2012.11.02'),
(178, 12, 97, 'ver2.8.18', '2016.08.19'),
(179, 12, 30, 'ver2.1.2', '2016.04.07'),
(180, 12, 42, 'ver2.4.1', '2016.12.05'),
(181, 12, 25, 'ver12.0.6612.1000', '2016.12.05'),
(182, 13, 14, 'ver2.14.0', '2015.06.25'),
(183, 13, 48, 'ver1.32.3889.0961', '2016.12.06'),
(184, 13, 30, 'ver2.1.0', '2015.06.25'),
(185, 13, 39, 'ver0.67', '2016.04.10'),
(186, 13, 5, 'ver0.53.00.00', '2015.06.25'),
(187, 13, 60, 'ver0.91', '2015.06.25'),
(188, 13, 23, 'ver8.0.450.14', '2015.06.25'),
(189, 13, 81, 'ver2.36', '2016.05.17'),
(190, 13, 22, 'ver4.5.7.6452', '2016.12.06'),
(191, 13, 1, 'ver23.0.0.257', '2016.09.21'),
(192, 13, 12, 'ver15.020.20042', '2016.11.05'),
(193, 13, 22, 'ver4.5.7.6282', '2016.08.30'),
(194, 13, 36, 'ver1.2.6.7', '2015.06.25'),
(195, 13, 75, 'ver5.9.3', '2016.12.06'),
(196, 13, 86, 'ver2.5.8.0', '2015.06.25'),
(197, 13, 97, 'ver2.8.18', '2016.08.30'),
(198, 13, 90, 'ver5.0.274.0', '2016.09.11'),
(199, 13, 74, 'ver4.0.10', '2016.08.30'),
(200, 13, 30, 'ver2.1.2', '2016.04.10'),
(201, 13, 68, 'ver8.0.2.805', '2016.08.30'),
(202, 13, 57, 'ver5.2.0.4', '2016.08.30'),
(203, 13, 49, 'ver7.1.7.2606', '2016.11.05'),
(204, 13, 42, 'ver2.4.1', '2016.12.06'),
(205, 13, 29, 'ver1.4.20', '2016.05.17'),
(206, 13, 34, 'ver8.0.1120.15', '2016.11.05'),
(207, 13, 87, 'ver54.0.2840.99', '2016.11.11'),
(208, 13, 103, 'ver12.3.5', '2016.08.30'),
(209, 14, 30, 'ver2.1.2', '2016.03.30'),
(210, 14, 36, 'ver1.2.4.10', '2015.02.15'),
(211, 14, 85, 'ver0.5.4', '2013.05.16'),
(212, 14, 70, 'ver5.1.50901.0', '2016.10.12'),
(213, 14, 23, 'ver8.0.310.13', '2015.02.15'),
(214, 14, 49, 'ver7.1.7.2606', '2016.11.06'),
(215, 14, 12, 'ver15.020.20039', '2016.10.21'),
(216, 14, 60, 'ver0.91', '2015.02.15'),
(217, 14, 23, 'ver1.7.0.210', '2013.05.16'),
(218, 14, 23, 'ver1.7.0.670', '2014.10.09'),
(219, 14, 34, 'ver7.0.670', '2014.10.09'),
(220, 14, 30, 'ver2.0.6', '2014.10.14'),
(221, 14, 75, 'ver5.9.2', '2016.09.21'),
(222, 14, 48, 'ver1.32.3592.6117', '2016.11.06'),
(223, 14, 34, 'ver8.0.1110.14', '2016.10.21'),
(224, 14, 39, 'ver0.67', '2016.04.08'),
(225, 14, 14, 'ver2.14.0', '2013.05.16'),
(226, 14, 57, 'ver5.2.3.3', '2016.11.06'),
(227, 14, 68, 'ver8.1.0.1013', '2016.11.06'),
(228, 14, 86, 'ver2.5.8.0', '2014.10.14'),
(229, 14, 7, 'ver2.2.2', '2013.05.16'),
(230, 14, 22, 'ver4.5.7.6389', '2016.11.06'),
(231, 14, 81, 'ver2.38', '2016.11.06'),
(232, 14, 103, 'ver12.5.0', '2016.11.06'),
(233, 14, 5, 'ver0.53.00.00', '2013.05.16'),
(234, 14, 87, 'ver54.0.2840.71', '2016.10.21'),
(235, 14, 97, 'ver2.8.18', '2016.08.22'),
(236, 14, 29, 'ver1.4.20', '2016.11.06'),
(237, 14, 90, 'ver5.0.286.0', '2016.11.06'),
(238, 14, 74, 'ver4.0.12', '2016.11.06'),
(239, 14, 42, 'ver2.4.0', '2016.11.06'),
(240, 14, 1, 'ver23.0.0.257', '2016.09.21'),
(241, 15, 48, 'ver1.32.4066.7445', '2016.12.13'),
(242, 15, 14, 'ver2.14.0', '2015.02.05'),
(243, 15, 70, 'ver5.1.50901.0', '2016.10.12'),
(244, 15, 30, 'ver2.1.0', '2015.07.24'),
(245, 15, 22, 'ver4.5.7.6389', '2016.11.05'),
(246, 15, 97, 'ver2.8.18', '2016.08.19'),
(247, 15, 34, 'ver8.0.1120.15', '2016.11.05'),
(248, 15, 81, 'ver2.36', '2016.08.19'),
(249, 15, 30, 'ver2.1.2', '2016.04.24'),
(250, 15, 86, 'ver2.5.8.0', '2014.02.07'),
(251, 15, 103, 'ver12.3.5', '2016.08.19'),
(252, 15, 29, 'ver1.4.20', '2016.04.24'),
(253, 15, 90, 'ver5.0.229.0', '2016.04.24'),
(254, 15, 85, 'ver0.5.7', '2014.02.19'),
(255, 15, 36, 'ver1.2.8.12', '2016.04.24'),
(256, 15, 42, 'ver2.4.0', '2016.11.05'),
(257, 15, 60, 'ver0.91', '2015.02.05'),
(258, 15, 75, 'ver5.9.2', '2016.11.05'),
(259, 15, 39, 'ver0.67', '2016.04.10'),
(260, 15, 12, 'ver15.020.20042', '2016.11.05'),
(261, 15, 74, 'ver4.0.10', '2016.08.19'),
(262, 15, 87, 'ver66.208.49239', '2016.12.13'),
(263, 15, 1, 'ver24.0.0.180', '2016.12.14'),
(264, 15, 68, 'ver8.0.2.805', '2016.08.19'),
(265, 15, 49, 'ver7.1.7.2606', '2016.11.05'),
(266, 15, 57, 'ver5.2.2.2', '2016.11.05'),
(267, 16, 86, 'ver2.5.8.0', '2016.05.01'),
(268, 16, 36, 'ver1.2.8.12', '2016.05.01'),
(269, 16, 48, 'ver1.32.4066.7445', '2016.12.09'),
(270, 16, 102, 'ver16.04.00.0', '2016.11.03'),
(271, 16, 30, 'ver2.1.2', '2016.05.01'),
(272, 16, 87, 'ver55.0.2883.87', '2016.12.13'),
(273, 16, 42, 'ver2.4.1', '2016.11.30'),
(274, 16, 90, 'ver5.0.274.0', '2016.09.11'),
(275, 16, 70, 'ver5.1.50901.0', '2016.10.12'),
(276, 16, 57, 'ver5.2.3.3', '2016.11.30'),
(277, 16, 1, 'ver24.0.0.180', '2016.12.14'),
(278, 16, 14, 'ver2.14.0', '2016.05.01'),
(279, 16, 39, 'ver0.67', '2016.05.01'),
(280, 16, 75, 'ver5.9.3', '2016.12.12'),
(281, 16, 103, 'ver12.3.5', '2016.08.19'),
(282, 16, 49, 'ver7.1.7.2606', '2016.11.03'),
(283, 16, 29, 'ver1.4.20', '2016.05.03'),
(284, 16, 60, 'ver0.91', '2016.08.19'),
(285, 16, 68, 'ver8.0.2.805', '2016.08.19'),
(286, 16, 74, 'ver4.0.11', '2016.09.11'),
(287, 16, 34, 'ver8.0.1120.15', '2016.11.03'),
(288, 16, 7, 'ver3.0.20.0', '2016.05.03'),
(289, 16, 97, 'ver2.8.18', '2016.08.19'),
(290, 16, 81, 'ver2.36', '2016.08.19'),
(291, 16, 85, 'ver0.7.0', '2016.05.03'),
(292, 16, 22, 'ver4.5.7.6452', '2016.11.30'),
(293, 17, 38, 'ver4', '2011.11.16'),
(294, 17, 27, 'ver6.7.0', '2011.08.09'),
(295, 17, 69, 'ver16.4.3528.0331', '2016.09.08'),
(296, 17, 68, 'ver6.2.2.802', '2014.09.09'),
(297, 17, 40, 'ver6.0.0.1735', '2011.08.09'),
(298, 17, 34, 'ver6.0.450', '2016.09.07'),
(299, 17, 53, 'ver9.5.5', '2016.09.12'),
(300, 17, 70, 'ver5.1.50901.0', '2016.10.12'),
(301, 17, 55, 'ver16.4.3528.0331', '2016.09.08'),
(302, 18, 87, 'ver49.0.2623.112', '2010.11.19'),
(303, 18, 34, 'ver7.0.800', '2016.11.22'),
(304, 18, 70, 'ver5.1.50709.0', '2016.09.23'),
(305, 18, 62, 'ver5.8.158', '2012.03.22'),
(306, 18, 22, 'ver4.2.7.1893', '2010.02.26'),
(307, 19, 53, 'ver9.5.5', '2014.11.27'),
(308, 19, 87, 'ver55.0.2883.87', '2016.12.13'),
(309, 19, 40, 'ver6.0.0.1735', '2011.08.09'),
(310, 19, 62, 'ver7.30.105', '2016.11.23'),
(311, 19, 55, 'ver16.4.3528.0331', '2016.09.02'),
(312, 19, 69, 'ver16.4.3528.0331', '2016.09.02'),
(313, 19, 34, 'ver8.0.1120.15', '2016.10.28'),
(314, 19, 70, 'ver5.1.50901.0', '2016.10.12'),
(315, 20, 42, 'ver2.4.1', '2016.12.05'),
(316, 20, 81, 'ver2.36', '2016.08.19'),
(317, 20, 12, 'ver15.020.20042', '2016.11.03'),
(318, 20, 30, 'ver2.1.2', '2016.03.31'),
(319, 20, 36, 'ver1.2.6.7', '2015.08.10'),
(320, 20, 38, 'ver4', '2014.03.18'),
(321, 20, 14, 'ver2.14.0', '2014.03.18'),
(322, 20, 49, 'ver7.1.7.2606', '2016.10.17'),
(323, 20, 34, 'ver7.0.800', '2016.04.04'),
(324, 20, 30, 'ver2.1.0', '2015.08.10'),
(325, 20, 57, 'ver5.2.3.3', '2016.12.05'),
(326, 20, 7, 'ver2.2.2', '2014.03.18'),
(327, 20, 74, 'ver4.0.6', '2015.08.10'),
(328, 20, 85, 'ver0.5.7', '2014.03.18'),
(329, 20, 84, 'ver11.1.1209.0', '2014.09.09'),
(330, 20, 29, 'ver1.4.20', '2016.04.25'),
(331, 20, 86, 'ver2.5.8.0', '2014.03.18'),
(332, 20, 68, 'ver8.0.2.805', '2016.08.19'),
(333, 20, 39, 'ver0.67', '2016.08.19'),
(334, 20, 70, 'ver5.1.50901.0', '2016.10.11'),
(335, 20, 34, 'ver8.0.1120.15', '2016.11.05'),
(336, 20, 22, 'ver4.5.7.6452', '2016.12.05'),
(337, 20, 99, 'ver1.2.23', '2014.03.18'),
(338, 20, 1, 'ver24.0.0.180', '2016.12.13'),
(339, 20, 75, 'ver5.9.3', '2016.12.05'),
(340, 20, 103, 'ver12.3.5', '2016.08.19'),
(341, 20, 87, 'ver55.0.2883.87', '2016.12.12'),
(342, 20, 60, 'ver0.91', '2015.02.09'),
(343, 20, 48, 'ver1.32.4066.7445', '2016.12.12'),
(344, 20, 62, 'ver7.30.105', '2016.11.23'),
(345, 20, 97, 'ver2.8.18', '2016.08.19'),
(346, 21, 36, 'ver1.1.9.13', '2014.08.30'),
(347, 21, 49, 'ver7.1.7.2606', '2016.11.05'),
(348, 21, 23, 'ver8.0.250.18', '2014.11.06'),
(349, 21, 42, 'ver2.4.0', '2016.11.05'),
(350, 21, 29, 'ver1.4.20', '2016.05.09'),
(351, 21, 70, 'ver5.1.50901.0', '2016.10.12'),
(352, 21, 30, 'ver2.0.6', '2014.11.06'),
(353, 21, 34, 'ver8.0.1120.15', '2016.11.05'),
(354, 21, 5, 'ver0.53.00.00', '2013.05.20'),
(355, 21, 38, 'ver4', '2013.10.05'),
(356, 21, 1, 'ver23.0.0.257', '2016.09.15'),
(357, 21, 22, 'ver4.5.7.6389', '2016.11.05'),
(358, 21, 30, 'ver2.1.2', '2016.03.21'),
(359, 21, 48, 'ver1.32.3592.6117', '2016.11.05'),
(360, 21, 75, 'ver5.9.2', '2016.09.15'),
(361, 21, 97, 'ver2.8.18', '2016.08.30'),
(362, 21, 7, 'ver2.2.2', '2013.05.20'),
(363, 21, 22, 'ver4.5.7.6282', '2016.08.30'),
(364, 21, 39, 'ver0.67', '2016.03.07'),
(365, 21, 14, 'ver2.14.0', '2013.05.20'),
(366, 21, 85, 'ver0.5.4', '2013.10.05'),
(367, 21, 57, 'ver5.2.0.4', '2016.08.30'),
(368, 21, 103, 'ver12.5.0', '2016.11.05'),
(369, 21, 60, 'ver0.91', '2016.08.30'),
(370, 21, 74, 'ver4.0.10', '2016.08.30'),
(371, 21, 81, 'ver2.36', '2016.05.09'),
(372, 21, 87, 'ver54.0.2840.87', '2016.11.05'),
(373, 21, 12, 'ver15.020.20042', '2016.11.05'),
(374, 21, 68, 'ver8.1.0.1013', '2016.11.05'),
(375, 21, 102, 'ver16.04.00.0', '2016.11.05'),
(376, 21, 90, 'ver5.0.271.0', '2016.08.30'),
(377, 21, 86, 'ver2.5.8.0', '2014.08.30'),
(378, 22, 57, 'ver5.2.3.3', '2016.11.30'),
(379, 22, 23, 'ver8.0.310.13', '2015.02.05'),
(380, 22, 42, 'ver2.4.1', '2016.11.30'),
(381, 22, 102, 'ver16.04.00.0', '2016.11.02'),
(382, 22, 70, 'ver5.1.50901.0', '2016.10.12'),
(383, 22, 74, 'ver4.0.10', '2016.08.19'),
(384, 22, 7, 'ver2.2.4', '2015.05.28'),
(385, 22, 12, 'ver15.020.20042', '2016.11.05'),
(386, 22, 34, 'ver8.0.1120.15', '2016.11.02'),
(387, 22, 30, 'ver2.1.0', '2015.03.30'),
(388, 22, 36, 'ver1.1.9.13', '2014.08.08'),
(389, 22, 34, 'ver6.0.310', '2012.04.16'),
(390, 22, 68, 'ver8.0.2.805', '2016.08.19'),
(391, 22, 30, 'ver2.1.2', '2016.01.21'),
(392, 22, 71, 'ver0.8.b3', '2012.01.05'),
(393, 22, 25, 'ver12.0.6612.1000', '2016.11.30'),
(394, 22, 69, 'ver16.4.3528.0331', '2016.03.21'),
(395, 22, 48, 'ver1.32.4066.7445', '2016.12.14'),
(396, 22, 87, 'ver55.0.2883.87', '2016.12.07'),
(397, 22, 23, 'ver8.0.250.18', '2014.10.27'),
(398, 22, 34, 'ver7.0.670', '2014.08.08'),
(399, 22, 14, 'ver2.14.0', '2013.04.27'),
(400, 22, 103, 'ver12.3.5', '2016.08.19'),
(401, 22, 86, 'ver2.5.8.0', '2014.03.18'),
(402, 22, 23, 'ver1.7.0.210', '2013.04.27'),
(403, 22, 75, 'ver5.9.2', '2016.09.20'),
(404, 22, 55, 'ver16.4.3528.0331', '2016.03.21'),
(405, 22, 22, 'ver4.5.7.6452', '2016.11.30'),
(406, 22, 1, 'ver24.0.0.180', '2016.12.14'),
(407, 22, 29, 'ver1.4.20', '2016.04.22'),
(408, 22, 97, 'ver2.8.18', '2016.07.31'),
(409, 22, 49, 'ver7.1.7.2606', '2016.11.02'),
(410, 22, 39, 'ver0.67', '2016.03.23'),
(411, 22, 60, 'ver0.91', '2015.02.05'),
(412, 22, 81, 'ver2.36', '2016.08.19'),
(413, 23, 12, 'ver15.020.20042', '2016.11.07'),
(414, 23, 80, 'ver2.0.2', '2012.11.02'),
(415, 23, 1, 'ver23.0.0.257', '2016.11.12'),
(416, 23, 49, 'ver7.1.7.2606', '2016.11.23'),
(417, 23, 68, 'ver8.0.2.805', '2016.08.24'),
(418, 23, 90, 'ver5.0.268.0', '2016.08.24'),
(419, 23, 48, 'ver1.32.3889.0961', '2016.11.22'),
(420, 23, 14, 'ver2.14.0', '2013.09.03'),
(421, 23, 103, 'ver12.3.5', '2016.08.24'),
(422, 23, 22, 'ver4.5.7.6282', '2016.08.24'),
(423, 23, 29, 'ver1.4.20', '2016.04.27'),
(424, 23, 70, 'ver5.1.50901.0', '2016.10.17'),
(425, 23, 86, 'ver2.5.8.0', '2014.09.16'),
(426, 23, 39, 'ver0.67', '2016.04.08'),
(427, 23, 30, 'ver2.1.0', '2015.07.07'),
(428, 23, 75, 'ver5.9.2', '2016.11.12'),
(429, 23, 97, 'ver2.8.18', '2016.08.10'),
(430, 23, 91, 'ver0.6.2', '2012.11.02'),
(431, 23, 34, 'ver8.0.1110.14', '2016.11.12'),
(432, 23, 30, 'ver2.1.2', '2016.03.22'),
(433, 23, 87, 'ver55.0.2883.75', '2016.12.09'),
(434, 23, 81, 'ver2.36', '2016.08.24'),
(435, 23, 60, 'ver0.91', '2015.02.04'),
(436, 23, 42, 'ver2.3.2', '2016.08.24'),
(437, 23, 85, 'ver0.5.7', '2013.12.13'),
(438, 23, 25, 'ver12.0.6612.1000', '2016.04.13'),
(439, 23, 36, 'ver1.2.4.10', '2015.02.05'),
(440, 23, 57, 'ver5.2.0.4', '2016.08.24'),
(441, 23, 74, 'ver4.0.10', '2016.08.24'),
(442, 24, 80, 'ver2.0.2', '2012.05.16'),
(443, 24, 5, 'ver0.53.00.00', '2013.08.27'),
(444, 24, 57, 'ver5.2.0.4', '2016.08.24'),
(445, 24, 68, 'ver8.0.2.805', '2016.08.24'),
(446, 24, 48, 'ver1.32.3889.0961', '2016.11.28'),
(447, 24, 103, 'ver12.3.5', '2016.08.24'),
(448, 24, 85, 'ver0.5.3', '2012.05.16'),
(449, 24, 12, 'ver15.020.20042', '2016.11.07'),
(450, 24, 14, 'ver2.14.0', '2013.08.27'),
(451, 24, 39, 'ver0.67', '2016.04.27'),
(452, 24, 49, 'ver7.1.7.2606', '2016.11.07'),
(453, 24, 42, 'ver2.4.0', '2016.11.07'),
(454, 24, 81, 'ver2.36', '2016.08.24'),
(455, 24, 1, 'ver23.0.0.257', '2016.09.14'),
(456, 24, 87, 'ver53.0.2785.116', '2016.09.19'),
(457, 24, 34, 'ver8.0.1020.14', '2016.09.21'),
(458, 24, 75, 'ver5.9.2', '2016.09.16'),
(459, 24, 22, 'ver4.5.4.5306', '2015.02.04'),
(460, 24, 70, 'ver5.1.41212.0', '2016.01.13'),
(461, 24, 102, 'ver16.03.00.0', '2016.09.30'),
(462, 24, 90, 'ver5.0.286.0', '2016.11.12'),
(463, 24, 30, 'ver2.0.6', '2015.02.04'),
(464, 24, 48, 'ver1.31.2873.2758', '2016.08.24'),
(465, 24, 86, 'ver2.5.8.0', '2014.09.16'),
(466, 24, 22, 'ver4.5.7.6321', '2016.09.08'),
(467, 24, 74, 'ver4.0.10', '2016.08.24'),
(468, 24, 34, 'ver8.0.1120.15', '2016.11.07'),
(469, 24, 60, 'ver0.91', '2015.02.04'),
(470, 24, 49, 'ver7.1.7.2600', '2016.09.08'),
(471, 24, 36, 'ver1.2.4.10', '2015.02.04'),
(472, 24, 97, 'ver2.8.18', '2016.08.03'),
(473, 24, 30, 'ver2.1.2', '2016.08.24'),
(474, 24, 29, 'ver1.4.20', '2016.04.27'),
(475, 25, 7, 'ver3.0.20.0', '2016.11.24'),
(476, 25, 78, 'ver3.3.1', '2016.11.24'),
(477, 25, 12, 'ver15.020.20042', '2016.11.24'),
(478, 25, 48, 'ver1.32.3889.0961', '2016.11.23'),
(479, 25, 87, 'ver54.0.2840.99', '2016.11.23'),
(480, 25, 29, 'ver1.4.20', '2016.11.24'),
(481, 25, 1, 'ver23.0.0.257', '2016.11.23'),
(482, 25, 75, 'ver5.9.2', '2016.11.23'),
(483, 25, 34, 'ver8.0.1120.15', '2016.11.24'),
(484, 25, 85, 'ver0.7.6', '2016.11.24'),
(485, 25, 97, 'ver2.8.18', '2016.11.23'),
(486, 25, 39, 'ver0.67', '2016.11.23'),
(487, 25, 60, 'ver0.91', '2016.11.23'),
(488, 25, 74, 'ver4.0.12', '2016.11.23'),
(489, 25, 57, 'ver5.2.3.3', '2016.11.23'),
(490, 25, 81, 'ver2.39', '2016.11.23'),
(491, 25, 68, 'ver8.1.1.1115', '2016.11.23'),
(492, 25, 90, 'ver5.0.286.0', '2016.11.23'),
(493, 25, 103, 'ver12.6.0', '2016.11.23'),
(494, 25, 42, 'ver2.4.1', '2016.11.23'),
(495, 25, 30, 'ver2.1.2', '2016.11.23'),
(496, 26, 29, 'ver1.4.20', '2016.11.11'),
(497, 26, 68, 'ver7.1.5.425', '2015.06.16'),
(498, 26, 102, 'ver16.04.00.0', '2016.11.22'),
(499, 26, 68, 'ver5.1.3.1201', '2013.12.19'),
(500, 26, 53, 'ver11.0.18', '2016.10.13'),
(501, 27, 53, 'ver10.1.16', '2016.09.07'),
(502, 27, 68, 'ver5.1.3.1201', '2012.01.18'),
(503, 27, 62, 'ver6.11.102', '2014.03.05'),
(504, 27, 87, 'ver49.0.2623.112', '2015.12.01'),
(505, 28, 90, 'ver5.0.229.0', '2016.04.24'),
(506, 28, 1, 'ver23.0.0.257', '2016.09.15'),
(507, 28, 87, 'ver54.0.2840.99', '2016.11.05'),
(508, 28, 85, 'ver0.5.7', '2014.02.22'),
(509, 28, 48, 'ver1.32.3889.0961', '2016.11.22'),
(510, 28, 81, 'ver2.36', '2016.08.19'),
(511, 28, 68, 'ver8.0.2.805', '2016.08.19'),
(512, 28, 86, 'ver2.5.8.0', '2014.02.07'),
(513, 28, 75, 'ver5.9.3', '2016.12.04'),
(514, 28, 49, 'ver7.1.7.2606', '2016.11.05'),
(515, 28, 103, 'ver12.3.5', '2016.08.19'),
(516, 28, 34, 'ver8.0.1120.15', '2016.11.05'),
(517, 28, 29, 'ver1.4.20', '2016.04.24'),
(518, 28, 38, 'ver4', '2014.02.12'),
(519, 28, 57, 'ver5.2.3.3', '2016.11.22'),
(520, 28, 42, 'ver2.4.1', '2016.12.04'),
(521, 28, 36, 'ver1.2.8.12', '2016.03.31'),
(522, 28, 22, 'ver4.5.7.6452', '2016.12.04'),
(523, 28, 39, 'ver0.67', '2016.03.31'),
(524, 28, 70, 'ver5.1.50901.0', '2016.10.12'),
(525, 28, 60, 'ver0.91', '2015.02.08'),
(526, 28, 14, 'ver2.14.0', '2014.11.04'),
(527, 28, 74, 'ver4.0.10', '2016.08.19'),
(528, 28, 102, 'ver16.04.00.0', '2016.11.05'),
(529, 28, 30, 'ver2.1.2', '2016.04.05'),
(530, 28, 12, 'ver15.020.20042', '2016.11.05'),
(531, 28, 97, 'ver2.8.18', '2016.08.19'),
(532, 29, 102, 'ver16.04.00.0', '2016.12.06'),
(533, 29, 70, 'ver5.1.41212.0', '2016.01.26'),
(534, 29, 30, 'ver2.0.5', '2014.08.30'),
(535, 29, 29, 'ver1.4.20', '2016.04.25'),
(536, 29, 86, 'ver2.5.8.0', '2014.08.30'),
(537, 29, 97, 'ver2.8.18', '2016.09.10'),
(538, 29, 42, 'ver2.3.2', '2016.09.10'),
(539, 29, 1, 'ver23.0.0.257', '2016.10.10'),
(540, 29, 30, 'ver2.1.2', '2016.04.13'),
(541, 29, 23, 'ver1.7.0.210', '2013.05.20'),
(542, 29, 34, 'ver8.0.1120.15', '2016.12.06'),
(543, 29, 74, 'ver4.0.10', '2016.09.10'),
(544, 29, 75, 'ver5.9.1', '2016.09.10'),
(545, 29, 68, 'ver8.0.2.805', '2016.09.10'),
(546, 29, 85, 'ver0.5.4', '2013.10.05'),
(547, 29, 103, 'ver12.3.5', '2016.09.10'),
(548, 29, 38, 'ver4', '2013.10.05'),
(549, 29, 7, 'ver2.2.2', '2013.05.20'),
(550, 29, 49, 'ver7.1.7.2606', '2016.11.21'),
(551, 29, 36, 'ver1.2.8.12', '2016.04.25'),
(552, 29, 22, 'ver4.5.7.6321', '2016.09.10'),
(553, 29, 12, 'ver15.020.20042', '2016.11.14'),
(554, 29, 90, 'ver5.0.137.0', '2015.08.30'),
(555, 29, 48, 'ver1.32.3889.0961', '2016.11.24'),
(556, 29, 5, 'ver0.53.00.00', '2013.05.20'),
(557, 29, 34, 'ver7.0.750', '2015.02.18'),
(558, 29, 87, 'ver54.0.2840.71', '2016.10.21'),
(559, 29, 60, 'ver0.91', '2016.06.13'),
(560, 29, 14, 'ver2.14.0', '2013.05.20'),
(561, 29, 81, 'ver2.36', '2016.09.10'),
(562, 29, 22, 'ver4.5.7.6389', '2016.11.21'),
(563, 29, 57, 'ver5.2.1.2', '2016.09.10'),
(564, 29, 39, 'ver0.67', '2016.03.08'),
(565, 30, 1, 'ver24.0.0.180', '2016.12.14'),
(566, 30, 70, 'ver5.1.50709.0', '2016.09.14'),
(567, 30, 87, 'ver49.0.2623.112', '2010.11.22'),
(568, 30, 53, 'ver9.5.5', '2016.09.06'),
(569, 31, 90, 'ver4.0.41.0', '2012.11.02'),
(570, 31, 102, 'ver16.04.00.0', '2016.11.07'),
(571, 31, 80, 'ver2.0.2', '2012.11.02'),
(572, 31, 87, 'ver55.0.2883.75', '2016.12.08'),
(573, 31, 12, 'ver15.020.20042', '2016.11.07'),
(574, 31, 30, 'ver2.0.6', '2015.02.04'),
(575, 31, 36, 'ver1.1.8.35', '2014.04.22'),
(576, 31, 60, 'ver0.91', '2015.02.05'),
(577, 31, 30, 'ver2.1.2', '2016.03.21'),
(578, 31, 91, 'ver0.6.2', '2012.11.02'),
(579, 31, 48, 'ver1.32.4066.7445', '2016.12.12'),
(580, 31, 97, 'ver2.8.18', '2016.07.20'),
(581, 31, 22, 'ver4.5.7.6452', '2016.12.12'),
(582, 31, 86, 'ver2.5.8.0', '2014.04.22'),
(583, 31, 57, 'ver5.2.0.4', '2016.08.24'),
(584, 31, 29, 'ver1.4.20', '2016.06.03'),
(585, 31, 70, 'ver5.1.50901.0', '2016.10.12'),
(586, 31, 90, 'ver4.2.56.0', '2013.08.27'),
(587, 31, 42, 'ver2.4.1', '2016.12.12'),
(588, 31, 103, 'ver12.3.5', '2016.08.24'),
(589, 31, 25, 'ver12.0.6612.1000', '2016.12.12'),
(590, 31, 1, 'ver23.0.0.257', '2016.09.13'),
(591, 31, 68, 'ver8.0.2.805', '2016.08.24'),
(592, 31, 34, 'ver7.0.800', '2016.03.21'),
(593, 31, 85, 'ver0.5.4', '2012.11.02'),
(594, 31, 81, 'ver2.36', '2016.06.03'),
(595, 31, 14, 'ver2.14.0', '2013.08.27'),
(596, 31, 75, 'ver5.9.3', '2016.12.01'),
(597, 31, 90, 'ver5.0.268.0', '2016.08.24'),
(598, 31, 74, 'ver4.0.10', '2016.08.24'),
(599, 31, 49, 'ver7.1.7.2606', '2016.11.07'),
(600, 31, 34, 'ver8.0.1120.15', '2016.11.07'),
(601, 31, 39, 'ver0.67', '2016.03.07'),
(602, 32, 30, 'ver2.1.2', '2016.11.03'),
(603, 32, 44, 'ver2.0.3', '2016.11.04'),
(604, 32, 22, 'ver4.5.7.6389', '2016.11.04'),
(605, 32, 90, 'ver5.0.286.0', '2016.11.04'),
(606, 32, 75, 'ver5.9.3', '2016.12.05'),
(607, 32, 39, 'ver0.67', '2016.11.03'),
(608, 32, 14, 'ver2.14.0', '2016.11.04'),
(609, 32, 91, 'ver2.2.2', '2016.11.04'),
(610, 32, 7, 'ver3.0.20.0', '2016.11.04'),
(611, 32, 78, 'ver3.3.1', '2016.11.04'),
(612, 32, 22, 'ver4.5.7.6452', '2016.12.05'),
(613, 32, 53, 'ver11.0.18', '2016.11.03'),
(614, 32, 60, 'ver0.91', '2016.11.03'),
(615, 32, 87, 'ver55.0.2883.75', '2016.12.09'),
(616, 32, 85, 'ver0.7.6', '2016.11.04'),
(617, 32, 48, 'ver1.32.3889.0961', '2016.12.02'),
(618, 32, 34, 'ver8.0.1120.15', '2016.11.03'),
(619, 32, 25, 'ver12.0.6612.1000', '2016.12.05'),
(620, 32, 42, 'ver2.4.1', '2016.12.05'),
(621, 32, 20, 'ver2.78.1', '2016.11.03'),
(622, 32, 81, 'ver2.38', '2016.11.03'),
(623, 32, 57, 'ver5.2.2.2', '2016.11.03'),
(624, 32, 70, 'ver5.1.50901.0', '2016.11.04'),
(625, 32, 86, 'ver2.5.8.0', '2016.11.04'),
(626, 32, 68, 'ver8.1.0.1013', '2016.11.03'),
(627, 32, 5, 'ver0.53.00.00', '2016.11.04'),
(628, 32, 103, 'ver12.5.0', '2016.11.03'),
(629, 32, 74, 'ver4.0.12', '2016.11.03'),
(630, 32, 97, 'ver2.8.18', '2016.11.03'),
(631, 32, 1, 'ver23.0.0.257', '2016.11.03'),
(632, 32, 29, 'ver1.4.20', '2016.11.03'),
(633, 32, 49, 'ver7.1.7.2606', '2016.11.04'),
(634, 32, 59, 'ver255', '2016.11.04'),
(635, 32, 95, 'ver14.0.23107', '2016.11.03'),
(636, 33, 29, 'ver1.4.20', '2016.08.21'),
(637, 33, 5, 'ver0.53.00.00', '2013.08.29'),
(638, 33, 14, 'ver2.14.0', '2013.08.29'),
(639, 33, 70, 'ver5.1.50428.0', '2016.08.21'),
(640, 33, 81, 'ver2.36', '2016.08.21'),
(641, 33, 85, 'ver0.5.7', '2013.12.09'),
(642, 33, 36, 'ver1.2.4.10', '2015.02.14'),
(643, 33, 1, 'ver24.0.0.180', '2016.12.16'),
(644, 33, 87, 'ver55.0.2883.87', '2016.11.14'),
(645, 33, 22, 'ver4.5.7.6452', '2016.12.05'),
(646, 33, 102, 'ver16.04.00.0', '2016.12.05'),
(647, 33, 97, 'ver2.8.18', '2016.08.21'),
(648, 33, 60, 'ver0.91', '2015.02.14'),
(649, 33, 39, 'ver0.67', '2016.04.14'),
(650, 33, 90, 'ver5.0.271.0', '2016.08.30'),
(651, 33, 42, 'ver2.4.1', '2016.12.05'),
(652, 33, 68, 'ver8.0.2.805', '2016.08.30'),
(653, 33, 38, 'ver4', '2011.11.27'),
(654, 33, 57, 'ver5.2.0.4', '2016.08.21'),
(655, 33, 22, 'ver4.5.7.6282', '2016.08.30'),
(656, 33, 30, 'ver2.1.2', '2016.04.14'),
(657, 33, 48, 'ver1.32.4066.7445', '2016.12.14'),
(658, 33, 34, 'ver8.0.1120.15', '2016.12.05'),
(659, 33, 103, 'ver12.3.5', '2016.08.21'),
(660, 33, 86, 'ver2.5.8.0', '2014.08.28'),
(661, 33, 74, 'ver4.0.10', '2016.08.30'),
(662, 33, 75, 'ver5.9.3', '2016.12.05'),
(663, 33, 49, 'ver7.1.7.2606', '2016.11.28'),
(664, 33, 12, 'ver15.020.20042', '2016.11.07'),
(665, 34, 5, 'ver0.53.00.00', '2013.08.30'),
(666, 34, 74, 'ver4.0.12', '2016.11.05'),
(667, 34, 90, 'ver5.0.286.0', '2016.11.05'),
(668, 34, 97, 'ver2.8.18', '2016.08.19'),
(669, 34, 87, 'ver54.0.2840.87', '2016.11.05'),
(670, 34, 29, 'ver1.4.20', '2016.04.28'),
(671, 34, 12, 'ver15.020.20042', '2016.11.07'),
(672, 34, 39, 'ver0.67', '2016.03.07'),
(673, 34, 49, 'ver7.1.7.2606', '2016.10.31'),
(674, 34, 102, 'ver16.04.00.0', '2016.10.31'),
(675, 34, 34, 'ver6.0.450', '2016.03.22'),
(676, 34, 60, 'ver0.91', '2015.02.08'),
(677, 34, 38, 'ver4', '2011.11.27'),
(678, 34, 42, 'ver2.4.1', '2016.12.05'),
(679, 34, 57, 'ver5.2.3.3', '2016.11.05'),
(680, 34, 22, 'ver4.5.7.6452', '2016.12.05'),
(681, 34, 68, 'ver8.1.0.1013', '2016.11.05'),
(682, 34, 34, 'ver8.0.1120.15', '2016.10.31'),
(683, 34, 1, 'ver23.0.0.257', '2016.09.14'),
(684, 34, 86, 'ver2.5.8.0', '2014.08.23'),
(685, 34, 48, 'ver1.32.3889.0961', '2016.12.05'),
(686, 34, 36, 'ver1.2.4.10', '2015.01.17'),
(687, 34, 103, 'ver12.5.0', '2016.11.05'),
(688, 34, 22, 'ver4.5.7.6282', '2016.08.19'),
(689, 34, 75, 'ver5.9.3', '2016.12.05'),
(690, 34, 81, 'ver2.38', '2016.11.05'),
(691, 34, 30, 'ver2.1.2', '2016.04.10'),
(692, 35, 87, 'ver55.0.2883.75', '2016.12.07'),
(693, 35, 30, 'ver2.1.2', '2016.04.03'),
(694, 35, 75, 'ver5.9.2', '2016.09.20'),
(695, 35, 81, 'ver2.35', '2016.04.03'),
(696, 35, 1, 'ver23.0.0.257', '2016.09.14'),
(697, 35, 68, 'ver7.3.4.311', '2016.04.03'),
(698, 35, 39, 'ver0.67', '2016.04.03'),
(699, 35, 57, 'ver5.1.4.2', '2016.06.24'),
(700, 35, 97, 'ver2.8.18', '2016.08.03'),
(701, 35, 12, 'ver15.020.20042', '2016.11.07'),
(702, 35, 36, 'ver1.2.8.12', '2016.04.03'),
(703, 35, 34, 'ver8.0.1120.15', '2016.11.07'),
(704, 35, 29, 'ver1.4.20', '2016.05.06'),
(705, 35, 103, 'ver12.0.5', '2016.04.03'),
(706, 35, 42, 'ver2.4.1', '2016.12.02'),
(707, 35, 70, 'ver5.1.50901.0', '2016.10.12'),
(708, 35, 90, 'ver5.0.214.0', '2016.04.06'),
(709, 35, 102, 'ver16.04.00.0', '2016.11.07'),
(710, 36, 53, 'ver10.1.16', '2016.05.03'),
(711, 36, 58, 'ver16.4.3528.0331', '2016.09.05'),
(712, 36, 84, 'ver10.7.144.0', '2012.02.17'),
(713, 36, 55, 'ver16.4.3528.0331', '2016.09.05'),
(714, 36, 104, 'ver1.2.57', '2012.03.02'),
(715, 36, 34, 'ver7.0.800', '2016.09.23'),
(716, 36, 62, 'ver7.30.105', '2016.11.23'),
(717, 36, 70, 'ver5.1.50901.0', '2016.10.12'),
(718, 36, 55, 'ver15.4.3502.0922', '2011.07.21'),
(719, 36, 38, 'ver4', '2011.11.15'),
(720, 36, 69, 'ver16.4.3528.0331', '2016.09.05'),
(721, 36, 82, 'ver15.4.3502.0922', '2011.07.21'),
(722, 36, 57, 'ver5.1.6.2', '2016.11.16'),
(723, 37, 1, 'ver23.0.0.257', '2016.09.14'),
(724, 37, 84, 'ver10.7.144.0', '2014.10.16'),
(725, 37, 53, 'ver11.0.16', '2016.08.23'),
(726, 38, 68, 'ver8.1.1.1115', '2016.11.23'),
(727, 38, 87, 'ver55.0.2883.87', '2016.12.15'),
(728, 38, 7, 'ver3.0.20.0', '2016.11.24'),
(729, 38, 90, 'ver5.0.286.0', '2016.11.23'),
(730, 38, 75, 'ver5.9.3', '2016.12.15'),
(731, 38, 97, 'ver2.8.18', '2016.11.23'),
(732, 38, 78, 'ver3.3.1', '2016.11.24'),
(733, 38, 42, 'ver2.4.1', '2016.11.23'),
(734, 38, 1, 'ver24.0.0.180', '2016.12.15'),
(735, 38, 29, 'ver1.4.20', '2016.11.24'),
(736, 38, 34, 'ver8.0.1120.15', '2016.11.24'),
(737, 38, 48, 'ver1.32.4066.7445', '2016.12.15'),
(738, 38, 30, 'ver2.1.2', '2016.11.23'),
(739, 38, 103, 'ver12.6.0', '2016.11.23'),
(740, 38, 57, 'ver5.2.3.3', '2016.11.23'),
(741, 38, 60, 'ver0.91', '2016.11.23'),
(742, 38, 39, 'ver0.67', '2016.11.23'),
(743, 38, 85, 'ver0.7.6', '2016.11.24'),
(744, 38, 81, 'ver2.39', '2016.11.23'),
(745, 38, 12, 'ver15.020.20042', '2016.11.24'),
(746, 38, 74, 'ver4.0.12', '2016.11.23'),
(747, 39, 30, 'ver2.1.2', '2016.04.25'),
(748, 39, 39, 'ver0.67', '2016.04.25'),
(749, 39, 48, 'ver1.32.4066.7445', '2016.12.13'),
(750, 39, 25, 'ver12.0.6612.1000', '2016.04.13'),
(751, 39, 49, 'ver7.1.7.2606', '2016.10.28'),
(752, 39, 85, 'ver0.5.4', '2012.09.02'),
(753, 39, 87, 'ver55.0.2883.87', '2016.12.13'),
(754, 39, 57, 'ver5.1.2.2', '2016.04.25'),
(755, 39, 80, 'ver2.0.2', '2012.09.02'),
(756, 39, 36, 'ver1.1.9.13', '2014.08.16'),
(757, 39, 68, 'ver7.3.4.311', '2016.04.25'),
(758, 39, 74, 'ver4.0.9', '2016.04.25'),
(759, 39, 97, 'ver2.8.18', '2016.08.24'),
(760, 39, 75, 'ver5.9.3', '2016.12.13'),
(761, 39, 91, 'ver0.6.2', '2012.09.02'),
(762, 39, 5, 'ver0.53.00.00', '2012.09.02'),
(763, 39, 12, 'ver15.020.20042', '2016.11.07'),
(764, 39, 14, 'ver2.14.0', '2013.04.07'),
(765, 39, 22, 'ver4.5.7.6452', '2016.12.13'),
(766, 39, 34, 'ver8.0.1120.15', '2016.10.28'),
(767, 39, 86, 'ver2.5.8.0', '2013.12.02'),
(768, 39, 42, 'ver2.3.2', '2016.09.08'),
(769, 39, 60, 'ver0.91', '2015.02.17'),
(770, 39, 55, 'ver16.4.3528.0331', '2016.03.23'),
(771, 39, 69, 'ver16.4.3528.0331', '2016.03.23'),
(772, 39, 81, 'ver2.39', '2016.12.13'),
(773, 39, 1, 'ver24.0.0.180', '2016.12.14'),
(774, 39, 103, 'ver12.7.0', '2016.12.13'),
(775, 39, 29, 'ver1.4.20', '2016.04.25'),
(776, 40, 87, 'ver50.0.2661.75', '2016.04.19'),
(777, 40, 14, 'ver2.14.0', '2014.12.04'),
(778, 40, 74, 'ver4.0.12', '2016.09.18'),
(779, 40, 81, 'ver2.36', '2016.05.03'),
(780, 40, 30, 'ver2.1.2', '2016.05.03'),
(781, 40, 22, 'ver4.5.7.6321', '2016.09.18'),
(782, 40, 103, 'ver12.3.5', '2016.08.30'),
(783, 40, 57, 'ver5.0.4.2', '2016.02.07'),
(784, 40, 68, 'ver8.0.2.805', '2016.08.30'),
(785, 40, 12, 'ver15.020.20042', '2016.11.08'),
(786, 40, 42, 'ver2.3.2', '2016.08.30'),
(787, 40, 1, 'ver23.0.0.257', '2016.09.18'),
(788, 40, 23, 'ver8.0.250.18', '2014.12.04'),
(789, 40, 75, 'ver5.9.2', '2016.09.18'),
(790, 40, 36, 'ver1.2.8.12', '2016.05.03'),
(791, 40, 60, 'ver0.91', '2016.08.30'),
(792, 40, 97, 'ver2.8.18', '2016.08.30'),
(793, 40, 86, 'ver2.5.8.0', '2014.02.07'),
(794, 40, 39, 'ver0.66', '2016.02.07'),
(795, 40, 34, 'ver8.0.1010.13', '2016.08.30'),
(796, 40, 85, 'ver0.5.7', '2014.02.22'),
(797, 40, 70, 'ver5.1.50901.0', '2016.10.17'),
(798, 40, 90, 'ver5.0.271.0', '2016.08.30'),
(799, 40, 48, 'ver1.32.3592.6117', '2016.11.11'),
(800, 40, 49, 'ver7.1.7.2606', '2016.11.24'),
(801, 41, 75, 'ver5.9.3', '2016.12.05'),
(802, 41, 87, 'ver55.0.2883.87', '2016.12.13'),
(803, 41, 97, 'ver2.8.18', '2016.08.20'),
(804, 41, 14, 'ver2.14.0', '2014.11.24'),
(805, 41, 103, 'ver12.3.5', '2016.08.20'),
(806, 41, 70, 'ver5.1.50901.0', '2016.10.12'),
(807, 41, 81, 'ver2.36', '2016.08.20'),
(808, 41, 1, 'ver23.0.0.257', '2016.09.14'),
(809, 41, 36, 'ver1.2.8.12', '2016.04.23'),
(810, 41, 29, 'ver1.4.20', '2016.04.23'),
(811, 41, 30, 'ver2.1.2', '2016.04.23'),
(812, 41, 48, 'ver1.32.3889.0961', '2016.11.22'),
(813, 41, 57, 'ver5.2.3.3', '2016.11.16'),
(814, 41, 68, 'ver8.0.2.805', '2016.08.20'),
(815, 41, 42, 'ver2.4.1', '2016.12.05'),
(816, 41, 39, 'ver0.67', '2016.04.10'),
(817, 41, 74, 'ver4.0.10', '2016.08.20'),
(818, 41, 34, 'ver8.0.1120.15', '2016.11.16'),
(819, 41, 49, 'ver7.1.7.2606', '2016.11.16'),
(820, 41, 60, 'ver0.91', '2015.05.25'),
(821, 41, 86, 'ver2.5.8.0', '2014.11.24'),
(822, 41, 12, 'ver15.020.20042', '2016.11.07'),
(823, 41, 22, 'ver4.5.7.6452', '2016.12.05'),
(824, 42, 68, 'ver5.4.3.920', '2012.10.16'),
(825, 42, 53, 'ver11.0.00', '2014.11.10'),
(826, 42, 55, 'ver15.4.3502.0922', '2011.01.06'),
(827, 42, 48, 'ver1.32.3889.0961', '2016.12.02'),
(828, 43, 68, 'ver8.1.0.1013', '2016.11.12'),
(829, 43, 14, 'ver2.14.0', '2013.08.26'),
(830, 43, 30, 'ver2.1.2', '2016.03.21'),
(831, 43, 34, 'ver8.0.1120.15', '2016.11.07'),
(832, 43, 57, 'ver5.1.2.2', '2016.04.11'),
(833, 43, 85, 'ver0.5.3', '2012.06.24'),
(834, 43, 42, 'ver2.4.0', '2016.11.07'),
(835, 43, 97, 'ver2.8.18', '2016.08.01'),
(836, 43, 86, 'ver2.5.8.0', '2015.02.03'),
(837, 43, 34, 'ver8.0.1110.14', '2016.11.12'),
(838, 43, 102, 'ver16.04.00.0', '2016.11.07'),
(839, 43, 39, 'ver0.67', '2016.04.11'),
(840, 43, 81, 'ver2.39', '2016.11.12'),
(841, 43, 5, 'ver0.52.00.00', '2012.06.24'),
(842, 43, 36, 'ver1.2.4.10', '2015.02.03'),
(843, 43, 5, 'ver0.53.00.00', '2013.08.26'),
(844, 43, 1, 'ver24.0.0.180', '2016.12.14'),
(845, 43, 22, 'ver4.5.7.6389', '2016.11.07'),
(846, 43, 103, 'ver12.5.5', '2016.11.12'),
(847, 43, 30, 'ver2.0.6', '2015.02.03'),
(848, 43, 22, 'ver4.5.4.5306', '2015.02.03'),
(849, 43, 87, 'ver55.0.2883.87', '2016.12.13'),
(850, 43, 60, 'ver0.91', '2015.02.03'),
(851, 43, 49, 'ver7.1.7.2606', '2016.11.07'),
(852, 43, 48, 'ver1.32.3889.0961', '2016.11.22'),
(853, 43, 12, 'ver15.020.20042', '2016.11.07'),
(854, 43, 29, 'ver1.4.20', '2016.04.25'),
(855, 43, 74, 'ver4.0.9', '2016.04.11'),
(856, 43, 75, 'ver5.9.2', '2016.09.15'),
(857, 44, 30, 'ver2.1.0', '2015.06.24'),
(858, 44, 68, 'ver8.1.0.1013', '2016.11.12'),
(859, 44, 39, 'ver0.67', '2016.04.11'),
(860, 44, 36, 'ver1.2.6.7', '2015.06.24'),
(861, 44, 22, 'ver4.5.5.5666', '2015.06.24'),
(862, 44, 87, 'ver55.0.2883.87', '2016.12.13'),
(863, 44, 34, 'ver8.0.1120.15', '2016.11.07'),
(864, 44, 29, 'ver1.4.20', '2016.04.25'),
(865, 44, 1, 'ver24.0.0.180', '2016.12.14'),
(866, 44, 48, 'ver1.32.4066.7445', '2016.12.08'),
(867, 44, 97, 'ver2.8.18', '2016.08.03'),
(868, 44, 86, 'ver2.5.8.0', '2016.11.12'),
(869, 44, 57, 'ver5.2.3.3', '2016.11.12'),
(870, 44, 12, 'ver15.020.20042', '2016.11.07'),
(871, 44, 81, 'ver2.39', '2016.11.12'),
(872, 44, 42, 'ver2.4.1', '2016.12.02'),
(873, 44, 102, 'ver16.04.00.0', '2016.11.07'),
(874, 44, 14, 'ver2.14.0', '2015.06.24'),
(875, 44, 30, 'ver2.1.2', '2016.03.21'),
(876, 44, 5, 'ver0.53.00.00', '2015.06.24'),
(877, 44, 22, 'ver4.5.7.6452', '2016.12.02'),
(878, 44, 74, 'ver4.0.12', '2016.11.12'),
(879, 44, 49, 'ver7.1.7.2606', '2016.11.12'),
(880, 44, 75, 'ver5.9.2', '2016.09.15'),
(881, 44, 103, 'ver12.5.5', '2016.11.12'),
(882, 44, 60, 'ver0.91', '2015.06.24'),
(883, 45, 49, 'ver7.1.7.2606', '2016.10.21'),
(884, 45, 97, 'ver2.8.18', '2016.09.02'),
(885, 45, 36, 'ver1.2.6.7', '2015.06.25'),
(886, 45, 68, 'ver8.0.2.805', '2016.09.11'),
(887, 45, 74, 'ver4.0.9', '2016.04.12'),
(888, 45, 42, 'ver2.4.1', '2016.12.02'),
(889, 45, 60, 'ver0.91', '2015.06.25'),
(890, 45, 39, 'ver0.67', '2016.04.12'),
(891, 45, 22, 'ver4.5.7.6452', '2016.12.02'),
(892, 45, 75, 'ver5.9.3', '2016.12.02'),
(893, 45, 14, 'ver2.14.0', '2015.06.25'),
(894, 45, 5, 'ver0.53.00.00', '2015.06.25'),
(895, 45, 22, 'ver4.5.5.5666', '2015.06.25'),
(896, 45, 90, 'ver5.0.274.0', '2016.09.11'),
(897, 45, 103, 'ver12.3.5', '2016.09.11'),
(898, 45, 34, 'ver8.0.1120.15', '2016.11.07'),
(899, 45, 81, 'ver2.36', '2016.09.11'),
(900, 45, 12, 'ver15.020.20042', '2016.11.07'),
(901, 45, 23, 'ver8.0.450.14', '2015.06.25'),
(902, 45, 29, 'ver1.4.20', '2016.09.11'),
(903, 45, 86, 'ver2.5.8.0', '2015.06.25'),
(904, 45, 1, 'ver24.0.0.180', '2016.12.14'),
(905, 45, 48, 'ver1.32.3889.0961', '2016.11.30'),
(906, 45, 30, 'ver2.1.2', '2016.04.12'),
(907, 45, 87, 'ver55.0.2883.87', '2016.12.14'),
(908, 45, 57, 'ver5.2.1.2', '2016.09.11'),
(909, 45, 70, 'ver5.1.50901.0', '2016.10.12'),
(910, 46, 68, 'ver6.2.1.618', '2014.09.03'),
(911, 47, 30, 'ver2.1.2', '2016.04.24'),
(912, 47, 1, 'ver23.0.0.257', '2016.09.20'),
(913, 47, 57, 'ver5.2.0.4', '2016.08.19'),
(914, 47, 85, 'ver0.5.7', '2014.02.22'),
(915, 47, 12, 'ver15.020.20042', '2016.11.08'),
(916, 47, 60, 'ver0.91', '2015.02.05'),
(917, 47, 36, 'ver1.2.6.7', '2015.07.24'),
(918, 47, 86, 'ver2.5.8.0', '2014.02.07'),
(919, 47, 42, 'ver2.3.2', '2016.08.19'),
(920, 47, 81, 'ver2.36', '2016.05.22'),
(921, 47, 48, 'ver1.32.3889.0961', '2016.11.22'),
(922, 47, 68, 'ver8.0.2.805', '2016.08.19'),
(923, 47, 90, 'ver5.0.229.0', '2016.04.24'),
(924, 47, 22, 'ver4.5.7.6282', '2016.08.19'),
(925, 47, 29, 'ver1.4.20', '2016.04.24'),
(926, 47, 14, 'ver2.14.0', '2015.02.05'),
(927, 47, 97, 'ver2.8.18', '2016.08.19'),
(928, 47, 103, 'ver12.3.5', '2016.08.19'),
(929, 47, 49, 'ver7.1.5.1557', '2016.08.19'),
(930, 47, 75, 'ver5.9.1', '2016.08.19'),
(931, 47, 74, 'ver4.0.10', '2016.08.19'),
(932, 47, 30, 'ver2.1.0', '2015.07.24'),
(933, 47, 39, 'ver0.67', '2016.04.10'),
(934, 47, 87, 'ver55.0.2883.75', '2016.12.08'),
(935, 47, 38, 'ver4', '2014.02.12'),
(936, 47, 70, 'ver5.1.50901.0', '2016.10.14'),
(937, 48, 12, 'ver15.020.20042', '2016.11.07'),
(938, 48, 62, 'ver7.28.101', '2016.09.24'),
(939, 48, 22, 'ver4.5.6.5844', '2015.09.09'),
(940, 48, 87, 'ver55.0.2883.87', '2015.09.09'),
(941, 48, 70, 'ver5.1.50901.0', '2016.10.19'),
(942, 48, 34, 'ver8.0.1020.14', '2016.09.24'),
(943, 48, 22, 'ver4.5.7.6321', '2016.09.24'),
(944, 48, 1, 'ver23.0.0.257', '2016.09.24'),
(945, 49, 84, 'ver11.0.705.1', '2013.01.07'),
(946, 49, 34, 'ver8.0.1110.14', '2016.12.07'),
(947, 49, 55, 'ver15.4.3502.0922', '2011.01.06'),
(948, 49, 53, 'ver10.1.16', '2016.09.26'),
(949, 50, 34, 'ver6.0.450', '2016.08.26'),
(950, 50, 1, 'ver23.0.0.257', '2016.09.15'),
(951, 50, 53, 'ver10.1.16', '2016.08.25'),
(952, 50, 90, 'ver5.0.212.0', '2016.03.10'),
(953, 50, 90, 'ver4.0.15.0', '2016.03.10'),
(954, 50, 55, 'ver15.4.3502.0922', '2011.01.06'),
(955, 50, 62, 'ver7.30.105', '2016.11.25'),
(956, 50, 102, 'ver16.02.00.0', '2016.08.25'),
(957, 50, 87, 'ver55.0.2883.87', '2016.12.13'),
(958, 51, 53, 'ver9.5.5', '2013.10.11'),
(959, 51, 55, 'ver16.4.3528.0331', '2016.09.01'),
(960, 51, 70, 'ver5.1.50901.0', '2016.10.12'),
(961, 51, 34, 'ver8.0.1110.14', '2016.10.20'),
(962, 51, 40, 'ver6.0.0.1735', '2011.08.09'),
(963, 51, 69, 'ver16.4.3528.0331', '2016.09.01'),
(964, 51, 27, 'ver6.7.0', '2011.08.09'),
(965, 52, 97, 'ver2.8.18', '2016.09.12'),
(966, 52, 14, 'ver2.14.0', '2015.06.25'),
(967, 52, 22, 'ver4.5.7.6389', '2016.11.06'),
(968, 52, 74, 'ver4.0.12', '2016.11.06'),
(969, 52, 57, 'ver5.2.3.3', '2016.11.06'),
(970, 52, 5, 'ver0.53.00.00', '2015.06.25'),
(971, 52, 34, 'ver8.0.1120.15', '2016.11.06'),
(972, 52, 90, 'ver5.0.286.0', '2016.11.06'),
(973, 52, 30, 'ver2.1.2', '2016.04.03'),
(974, 52, 81, 'ver2.38', '2016.11.06'),
(975, 52, 60, 'ver0.91', '2015.06.25'),
(976, 52, 39, 'ver0.67', '2016.04.11'),
(977, 52, 103, 'ver12.5.0', '2016.11.06'),
(978, 52, 1, 'ver23.0.0.257', '2016.09.15'),
(979, 52, 12, 'ver15.020.20042', '2016.11.06'),
(980, 52, 36, 'ver1.2.6.7', '2015.06.25'),
(981, 52, 75, 'ver5.9.2', '2016.09.19'),
(982, 52, 48, 'ver1.32.3889.0961', '2016.11.24'),
(983, 52, 23, 'ver8.0.450.14', '2015.06.25'),
(984, 52, 42, 'ver2.4.0', '2016.11.06'),
(985, 52, 87, 'ver54.0.2840.99', '2016.11.14'),
(986, 52, 70, 'ver5.1.50901.0', '2016.10.12'),
(987, 52, 49, 'ver7.1.7.2606', '2016.11.06'),
(988, 52, 86, 'ver2.5.8.0', '2015.06.25'),
(989, 52, 68, 'ver8.1.0.1013', '2016.11.06'),
(990, 53, 34, 'ver8.0.770.3', '2016.04.03'),
(991, 53, 70, 'ver5.1.41212.0', '2016.04.03'),
(992, 53, 1, 'ver21.0.0.176', '2016.04.03'),
(993, 53, 39, 'ver0.67', '2016.04.03'),
(994, 53, 12, 'ver15.010.20060', '2016.04.03'),
(995, 53, 103, 'ver12.0.5', '2016.04.03'),
(996, 53, 97, 'ver2.8.16', '2016.04.03'),
(997, 53, 90, 'ver5.0.214.0', '2016.04.06'),
(998, 53, 87, 'ver49.0.2623.112', '2016.04.03'),
(999, 53, 36, 'ver1.2.8.12', '2016.04.03'),
(1000, 53, 30, 'ver2.1.2', '2016.04.03'),
(1001, 53, 81, 'ver2.35', '2016.04.03'),
(1002, 53, 68, 'ver7.3.4.311', '2016.04.03'),
(1003, 53, 42, 'ver2.3.0', '2016.04.03'),
(1004, 53, 75, 'ver5.7.7', '2016.04.03'),
(1005, 53, 57, 'ver5.1.1.3', '2016.04.03'),
(1006, 54, 85, 'ver0.7.0', '2016.03.25'),
(1007, 54, 60, 'ver0.91', '2015.02.02'),
(1008, 54, 22, 'ver4.5.7.6389', '2016.11.05'),
(1009, 54, 48, 'ver1.32.4066.7445', '2016.12.12'),
(1010, 54, 39, 'ver0.67', '2016.03.25'),
(1011, 54, 97, 'ver2.8.18', '2016.08.19'),
(1012, 54, 91, 'ver0.6.2', '2012.09.02'),
(1013, 54, 49, 'ver7.1.7.2606', '2016.11.05'),
(1014, 54, 25, 'ver12.0.6612.1000', '2016.12.12'),
(1015, 54, 5, 'ver0.53.00.00', '2012.09.02'),
(1016, 54, 36, 'ver1.2.8.12', '2016.03.29'),
(1017, 54, 22, 'ver4.5.7.6452', '2016.12.12'),
(1018, 54, 29, 'ver1.4.20', '2016.08.20'),
(1019, 54, 1, 'ver23.0.0.257', '2016.09.14'),
(1020, 54, 14, 'ver2.14.0', '2013.04.07'),
(1021, 54, 70, 'ver5.1.50428.0', '2016.06.23'),
(1022, 54, 81, 'ver2.38', '2016.11.05'),
(1023, 54, 55, 'ver16.4.3528.0331', '2014.07.25'),
(1024, 54, 85, 'ver0.5.10', '2014.07.25'),
(1025, 54, 30, 'ver2.1.2', '2016.03.29'),
(1026, 54, 68, 'ver8.1.1.1115', '2016.11.21'),
(1027, 54, 80, 'ver2.0.2', '2012.09.02'),
(1028, 54, 103, 'ver12.5.0', '2016.11.05'),
(1029, 54, 7, 'ver3.0.20.0', '2016.03.25'),
(1030, 54, 34, 'ver8.0.1120.15', '2016.12.12'),
(1031, 54, 57, 'ver5.2.3.3', '2016.11.05'),
(1032, 54, 12, 'ver15.020.20042', '2016.11.07'),
(1033, 54, 87, 'ver55.0.2883.87', '2016.12.12'),
(1034, 54, 15, 'ver3.0.0', '2016.03.25'),
(1035, 54, 90, 'ver5.0.286.0', '2016.11.05'),
(1036, 54, 75, 'ver5.9.3', '2016.12.12'),
(1037, 54, 69, 'ver16.4.3528.0331', '2014.07.25'),
(1038, 54, 86, 'ver2.5.8.0', '2014.04.02'),
(1039, 54, 20, 'ver2.77.0', '2016.03.25'),
(1040, 54, 23, 'ver8.0.600.27', '2015.08.25'),
(1041, 54, 74, 'ver4.0.12', '2016.11.05'),
(1042, 55, 30, 'ver2.1.2', '2016.04.11'),
(1043, 55, 29, 'ver1.4.20', '2016.04.25'),
(1044, 55, 1, 'ver23.0.0.257', '2016.09.14'),
(1045, 55, 34, 'ver8.0.1120.15', '2016.11.07'),
(1046, 55, 74, 'ver4.0.9', '2016.01.17'),
(1047, 55, 103, 'ver12.0.5', '2016.04.11'),
(1048, 55, 36, 'ver1.2.6.7', '2015.08.23'),
(1049, 55, 49, 'ver7.1.7.2606', '2016.11.07'),
(1050, 55, 60, 'ver0.91', '2015.02.21'),
(1051, 55, 81, 'ver2.35', '2016.01.17'),
(1052, 55, 57, 'ver5.1.6.2', '2016.11.07'),
(1053, 55, 39, 'ver0.67', '2016.04.11'),
(1054, 55, 102, 'ver16.02.00.0', '2016.09.05'),
(1055, 55, 70, 'ver5.1.50901.0', '2016.10.12'),
(1056, 55, 12, 'ver15.020.20042', '2016.11.08'),
(1057, 55, 86, 'ver2.5.8.0', '2014.02.07'),
(1058, 55, 75, 'ver5.9.2', '2016.11.07'),
(1059, 55, 22, 'ver4.5.7.6389', '2016.11.07'),
(1060, 55, 42, 'ver2.3.2', '2016.09.05'),
(1061, 55, 90, 'ver5.0.223.0', '2016.04.11'),
(1062, 55, 87, 'ver54.0.2840.99', '2016.11.07'),
(1063, 55, 14, 'ver2.14.0', '2015.02.21'),
(1064, 55, 97, 'ver2.8.18', '2016.09.05'),
(1065, 55, 68, 'ver7.3.4.311', '2016.04.11'),
(1066, 56, 81, 'ver2.39', '2016.11.23'),
(1067, 56, 48, 'ver1.32.4066.7445', '2016.12.15'),
(1068, 56, 7, 'ver3.0.20.0', '2016.11.24'),
(1069, 56, 74, 'ver4.0.12', '2016.11.23'),
(1070, 56, 60, 'ver0.91', '2016.11.23'),
(1071, 56, 78, 'ver3.3.1', '2016.11.24'),
(1072, 56, 87, 'ver55.0.2883.87', '2016.11.23'),
(1073, 56, 103, 'ver12.6.0', '2016.11.23'),
(1074, 56, 97, 'ver2.8.18', '2016.11.23'),
(1075, 56, 75, 'ver5.9.2', '2016.11.23'),
(1076, 56, 85, 'ver0.7.6', '2016.11.24'),
(1077, 56, 42, 'ver2.4.1', '2016.11.23'),
(1078, 56, 12, 'ver15.020.20042', '2016.11.24'),
(1079, 56, 39, 'ver0.67', '2016.11.23'),
(1080, 56, 34, 'ver8.0.1120.15', '2016.11.24'),
(1081, 56, 1, 'ver24.0.0.180', '2016.12.15'),
(1082, 56, 90, 'ver5.0.286.0', '2016.11.23'),
(1083, 56, 30, 'ver2.1.2', '2016.11.23'),
(1084, 56, 57, 'ver5.2.3.3', '2016.11.23'),
(1085, 56, 68, 'ver8.1.1.1115', '2016.11.23'),
(1086, 56, 29, 'ver1.4.20', '2016.11.24'),
(1087, 57, 53, 'ver10.1.16', '2016.05.24'),
(1088, 57, 84, 'ver10.8.364.0', '2011.11.28'),
(1089, 57, 70, 'ver5.1.50709.0', '2016.12.09'),
(1090, 57, 38, 'ver4', '2011.11.15'),
(1091, 57, 82, 'ver15.4.3502.0922', '2011.07.21'),
(1092, 57, 55, 'ver15.4.3502.0922', '2011.07.21'),
(1093, 57, 58, 'ver15.4.3502.0922', '2011.11.15'),
(1094, 57, 62, 'ver7.28.101', '2016.10.11'),
(1095, 57, 87, 'ver55.0.2883.87', '2013.04.15'),
(1096, 57, 34, 'ver7.0.800', '2016.10.05'),
(1097, 57, 57, 'ver5.1.6.2', '2016.11.09'),
(1098, 57, 90, 'ver4.4.19.0', '2014.03.12'),
(1099, 57, 90, 'ver5.0.57.0', '2015.01.26'),
(1100, 58, 12, 'ver15.020.20042', '2016.11.07'),
(1101, 58, 48, 'ver1.32.3889.0961', '2016.11.22'),
(1102, 58, 57, 'ver5.2.3.3', '2016.11.22'),
(1103, 58, 75, 'ver5.9.3', '2016.12.05'),
(1104, 58, 1, 'ver23.0.0.257', '2016.09.16'),
(1105, 58, 14, 'ver2.14.0', '2015.02.14'),
(1106, 58, 74, 'ver4.0.10', '2016.09.02'),
(1107, 58, 29, 'ver1.4.20', '2016.09.02'),
(1108, 58, 34, 'ver8.0.1120.15', '2016.11.07'),
(1109, 58, 42, 'ver2.4.1', '2016.12.05'),
(1110, 58, 97, 'ver2.8.18', '2016.09.02'),
(1111, 58, 49, 'ver7.1.7.2606', '2016.10.20'),
(1112, 58, 22, 'ver4.5.7.6452', '2016.12.05'),
(1113, 58, 39, 'ver0.67', '2016.04.11'),
(1114, 58, 81, 'ver2.36', '2016.09.02'),
(1115, 58, 103, 'ver12.3.5', '2016.09.02'),
(1116, 58, 87, 'ver66.198.99', '2016.11.11'),
(1117, 58, 30, 'ver2.1.2', '2016.04.11'),
(1118, 58, 70, 'ver5.1.50901.0', '2016.10.12'),
(1119, 58, 60, 'ver0.91', '2015.02.14'),
(1120, 58, 36, 'ver1.2.4.10', '2015.02.14'),
(1121, 58, 102, 'ver16.04.00.0', '2016.12.05'),
(1122, 58, 68, 'ver8.0.2.805', '2016.09.02'),
(1123, 58, 86, 'ver2.5.8.0', '2014.06.21'),
(1124, 59, 39, 'ver0.67', '2016.04.13'),
(1125, 59, 87, 'ver55.0.2883.87', '2016.12.13'),
(1126, 59, 57, 'ver5.2.3.3', '2016.12.13'),
(1127, 59, 29, 'ver1.4.20', '2016.05.03'),
(1128, 59, 22, 'ver4.5.6.5844', '2015.09.12'),
(1129, 59, 30, 'ver2.1.2', '2016.03.22'),
(1130, 59, 36, 'ver1.2.8.12', '2015.12.07'),
(1131, 59, 103, 'ver12.7.0', '2016.12.13'),
(1132, 59, 22, 'ver4.5.7.6452', '2016.12.02'),
(1133, 59, 48, 'ver1.32.4066.7445', '2016.12.13'),
(1134, 59, 5, 'ver0.53.00.00', '2015.09.12'),
(1135, 59, 74, 'ver4.0.13', '2016.12.13'),
(1136, 59, 45, 'ver1.0.189', '2015.09.21'),
(1137, 59, 42, 'ver2.4.1', '2016.12.02'),
(1138, 59, 102, 'ver16.04.00.0', '2016.10.11'),
(1139, 59, 34, 'ver8.0.1120.15', '2016.11.07'),
(1140, 59, 75, 'ver5.9.3', '2016.12.13'),
(1141, 59, 68, 'ver8.1.4.1208', '2016.12.13'),
(1142, 59, 81, 'ver2.39', '2016.12.13'),
(1143, 59, 12, 'ver15.020.20042', '2016.11.07'),
(1144, 59, 1, 'ver24.0.0.180', '2016.12.13'),
(1145, 59, 97, 'ver2.8.18', '2016.08.10'),
(1146, 59, 60, 'ver0.91', '2015.09.12'),
(1147, 59, 14, 'ver2.14.0', '2015.09.12'),
(1148, 60, 60, 'ver0.91', '2016.11.23'),
(1149, 60, 103, 'ver12.6.0', '2016.11.23'),
(1150, 60, 68, 'ver8.1.1.1115', '2016.11.23'),
(1151, 60, 7, 'ver3.0.20.0', '2016.11.24'),
(1152, 60, 12, 'ver15.020.20042', '2016.11.24'),
(1153, 60, 42, 'ver2.4.1', '2016.11.23'),
(1154, 60, 57, 'ver5.2.3.3', '2016.11.23'),
(1155, 60, 85, 'ver0.7.6', '2016.11.24'),
(1156, 60, 78, 'ver3.3.1', '2016.11.24'),
(1157, 60, 1, 'ver23.0.0.257', '2016.11.23'),
(1158, 60, 75, 'ver5.9.2', '2016.11.23'),
(1159, 60, 90, 'ver5.0.286.0', '2016.11.23'),
(1160, 60, 74, 'ver4.0.12', '2016.11.23'),
(1161, 60, 39, 'ver0.67', '2016.11.23'),
(1162, 60, 48, 'ver1.32.3889.0961', '2016.11.23'),
(1163, 60, 30, 'ver2.1.2', '2016.11.23'),
(1164, 60, 34, 'ver8.0.1120.15', '2016.11.24'),
(1165, 60, 29, 'ver1.4.20', '2016.11.24'),
(1166, 60, 81, 'ver2.39', '2016.11.23'),
(1167, 60, 97, 'ver2.8.18', '2016.11.23'),
(1168, 60, 87, 'ver54.0.2840.99', '2016.11.23'),
(1169, 61, 75, 'ver5.9.2', '2016.11.05'),
(1170, 61, 12, 'ver15.020.20042', '2016.11.05'),
(1171, 61, 14, 'ver2.14.0', '2015.06.25'),
(1172, 61, 38, 'ver4', '2015.07.14'),
(1173, 61, 57, 'ver5.2.3.3', '2016.11.05'),
(1174, 61, 81, 'ver2.38', '2016.11.05'),
(1175, 61, 74, 'ver4.0.12', '2016.11.05'),
(1176, 61, 1, 'ver23.0.0.257', '2016.11.05'),
(1177, 61, 102, 'ver16.04.00.0', '2016.11.05'),
(1178, 61, 23, 'ver8.0.450.14', '2015.06.25'),
(1179, 61, 22, 'ver4.5.7.6389', '2016.11.05'),
(1180, 61, 34, 'ver8.0.1120.15', '2016.11.05'),
(1181, 61, 68, 'ver8.1.0.1013', '2016.11.05'),
(1182, 61, 86, 'ver2.5.8.0', '2015.06.25'),
(1183, 61, 30, 'ver2.1.2', '2016.08.19'),
(1184, 61, 87, 'ver54.0.2840.87', '2016.11.05'),
(1185, 61, 39, 'ver0.67', '2016.04.10'),
(1186, 61, 97, 'ver2.8.18', '2016.08.19'),
(1187, 61, 49, 'ver7.1.7.2606', '2016.11.05'),
(1188, 61, 48, 'ver1.32.3592.6117', '2016.11.05'),
(1189, 61, 42, 'ver2.4.0', '2016.11.05'),
(1190, 61, 22, 'ver4.5.7.6282', '2016.08.19'),
(1191, 61, 36, 'ver1.2.8.12', '2016.04.10'),
(1192, 61, 60, 'ver0.91', '2015.06.25');
INSERT INTO `telepites` (`id`, `gepid`, `szoftverid`, `verzio`, `datum`) VALUES
(1193, 61, 5, 'ver0.53.00.00', '2015.06.25'),
(1194, 61, 90, 'ver5.0.286.0', '2016.11.05'),
(1195, 61, 103, 'ver12.5.0', '2016.11.05'),
(1196, 62, 42, 'ver2.4.0', '2016.11.06'),
(1197, 62, 81, 'ver2.38', '2016.11.06'),
(1198, 62, 103, 'ver12.5.0', '2016.11.06'),
(1199, 62, 12, 'ver15.020.20039', '2016.10.21'),
(1200, 62, 1, 'ver23.0.0.257', '2016.09.21'),
(1201, 62, 68, 'ver8.1.0.1013', '2016.11.06'),
(1202, 62, 75, 'ver5.9.2', '2016.09.21'),
(1203, 62, 70, 'ver5.1.50901.0', '2016.10.12'),
(1204, 62, 34, 'ver8.0.1110.14', '2016.10.21'),
(1205, 62, 30, 'ver2.1.2', '2016.03.09'),
(1206, 62, 34, 'ver7.0.210', '2013.05.16'),
(1207, 62, 60, 'ver0.91', '2015.02.15'),
(1208, 62, 48, 'ver1.32.3592.6117', '2016.11.06'),
(1209, 62, 90, 'ver5.0.286.0', '2016.11.06'),
(1210, 62, 29, 'ver1.4.20', '2016.11.06'),
(1211, 62, 74, 'ver4.0.12', '2016.11.06'),
(1212, 62, 87, 'ver54.0.2840.87', '2016.11.06'),
(1213, 62, 85, 'ver0.5.4', '2013.05.16'),
(1214, 62, 5, 'ver0.53.00.00', '2013.05.16'),
(1215, 62, 23, 'ver8.0.310.13', '2015.02.15'),
(1216, 62, 86, 'ver2.5.8.0', '2014.11.19'),
(1217, 62, 22, 'ver4.5.7.6389', '2016.11.06'),
(1218, 62, 39, 'ver0.67', '2016.03.09'),
(1219, 62, 23, 'ver1.7.0.210', '2013.05.16'),
(1220, 62, 57, 'ver5.2.3.3', '2016.11.06'),
(1221, 62, 30, 'ver2.0.6', '2014.11.19'),
(1222, 62, 97, 'ver2.8.18', '2016.08.22'),
(1223, 62, 14, 'ver2.14.0', '2013.05.16'),
(1224, 62, 23, 'ver8.0.250.18', '2014.11.19'),
(1225, 62, 7, 'ver2.2.2', '2013.05.16'),
(1226, 62, 36, 'ver1.2.8.12', '2015.12.14'),
(1227, 62, 49, 'ver7.1.7.2606', '2016.11.06'),
(1228, 63, 34, 'ver8.0.1120.15', '2016.11.24'),
(1229, 63, 103, 'ver12.6.0', '2016.11.23'),
(1230, 63, 90, 'ver5.0.286.0', '2016.11.23'),
(1231, 63, 87, 'ver54.0.2840.99', '2016.11.23'),
(1232, 63, 74, 'ver4.0.12', '2016.11.23'),
(1233, 63, 39, 'ver0.67', '2016.11.23'),
(1234, 63, 48, 'ver1.32.4066.7445', '2016.12.13'),
(1235, 63, 7, 'ver3.0.20.0', '2016.11.24'),
(1236, 63, 81, 'ver2.39', '2016.11.23'),
(1237, 63, 29, 'ver1.4.20', '2016.11.24'),
(1238, 63, 42, 'ver2.4.1', '2016.11.23'),
(1239, 63, 68, 'ver8.1.1.1115', '2016.11.23'),
(1240, 63, 30, 'ver2.1.2', '2016.11.23'),
(1241, 63, 1, 'ver23.0.0.257', '2016.11.23'),
(1242, 63, 12, 'ver15.020.20042', '2016.11.24'),
(1243, 63, 60, 'ver0.91', '2016.11.23'),
(1244, 63, 97, 'ver2.8.18', '2016.11.23'),
(1245, 63, 57, 'ver5.2.3.3', '2016.11.23'),
(1246, 63, 78, 'ver3.3.1', '2016.11.24'),
(1247, 63, 85, 'ver0.7.6', '2016.11.24'),
(1248, 63, 75, 'ver5.9.2', '2016.11.23'),
(1249, 64, 68, 'ver7.2.8.1124', '2016.01.15'),
(1250, 64, 34, 'ver8.0.1110.14', '2016.10.28'),
(1251, 65, 34, 'ver8.0.1010.13', '2016.09.08'),
(1252, 65, 30, 'ver2.1.2', '2016.09.08'),
(1253, 65, 103, 'ver12.3.5', '2016.09.08'),
(1254, 65, 87, 'ver54.0.2840.99', '2016.09.08'),
(1255, 65, 81, 'ver2.36', '2016.09.08'),
(1256, 65, 34, 'ver8.0.1020.14', '2016.09.08'),
(1257, 65, 57, 'ver5.2.1.2', '2016.09.08'),
(1258, 65, 39, 'ver0.67', '2016.09.08'),
(1259, 65, 48, 'ver1.32.3889.0961', '2016.12.05'),
(1260, 65, 68, 'ver8.0.2.805', '2016.09.08'),
(1261, 65, 1, 'ver22.0.0.153', '2016.09.08'),
(1262, 65, 42, 'ver2.3.2', '2016.09.08'),
(1263, 66, 7, 'ver3.0.20.0', '2016.05.03'),
(1264, 66, 1, 'ver23.0.0.257', '2016.09.14'),
(1265, 66, 49, 'ver7.1.7.2606', '2016.11.22'),
(1266, 66, 36, 'ver1.2.8.12', '2016.05.01'),
(1267, 66, 97, 'ver2.8.18', '2016.08.25'),
(1268, 66, 74, 'ver4.0.9', '2016.05.01'),
(1269, 66, 14, 'ver2.14.0', '2016.05.01'),
(1270, 66, 85, 'ver0.7.0', '2016.05.03'),
(1271, 66, 29, 'ver1.4.20', '2016.05.03'),
(1272, 66, 57, 'ver5.1.6.2', '2016.12.05'),
(1273, 66, 48, 'ver1.32.3889.0961', '2016.11.23'),
(1274, 66, 30, 'ver2.1.2', '2016.05.01'),
(1275, 66, 34, 'ver8.0.1120.15', '2016.12.05'),
(1276, 66, 68, 'ver7.3.4.311', '2016.05.01'),
(1277, 66, 103, 'ver12.1.0', '2016.05.01'),
(1278, 66, 102, 'ver16.02.00.0', '2016.09.14'),
(1279, 66, 39, 'ver0.67', '2016.05.01'),
(1280, 66, 42, 'ver2.3.2', '2016.08.25'),
(1281, 66, 86, 'ver2.5.8.0', '2016.05.01'),
(1282, 66, 22, 'ver4.5.7.6321', '2016.09.12'),
(1283, 66, 70, 'ver5.1.50901.0', '2016.10.13'),
(1284, 66, 90, 'ver5.0.235.0', '2016.05.12'),
(1285, 66, 75, 'ver5.9.2', '2016.09.23'),
(1286, 66, 81, 'ver2.35', '2016.05.01'),
(1287, 66, 87, 'ver66.208.49227', '2016.12.08'),
(1288, 67, 103, 'ver12.3.5', '2016.08.21'),
(1289, 67, 86, 'ver2.5.8.0', '2014.09.16'),
(1290, 67, 7, 'ver2.2.2', '2013.11.16'),
(1291, 67, 29, 'ver1.4.20', '2016.08.21'),
(1292, 67, 48, 'ver1.32.3889.0961', '2016.11.22'),
(1293, 67, 36, 'ver1.2.4.10', '2015.02.14'),
(1294, 67, 70, 'ver5.1.50901.0', '2016.10.12'),
(1295, 67, 87, 'ver55.0.2883.87', '2016.12.13'),
(1296, 67, 30, 'ver2.1.2', '2016.08.21'),
(1297, 67, 14, 'ver2.14.0', '2013.11.15'),
(1298, 67, 34, 'ver8.0.1120.15', '2016.12.05'),
(1299, 67, 12, 'ver15.020.20042', '2016.11.07'),
(1300, 67, 34, 'ver7.0.800', '2016.04.06'),
(1301, 67, 81, 'ver2.36', '2016.08.21'),
(1302, 67, 57, 'ver5.2.3.3', '2016.12.05'),
(1303, 67, 49, 'ver7.1.7.2606', '2016.11.23'),
(1304, 67, 1, 'ver24.0.0.180', '2016.12.14'),
(1305, 67, 97, 'ver2.8.18', '2016.08.21'),
(1306, 67, 74, 'ver4.0.9', '2016.04.11'),
(1307, 67, 85, 'ver0.5.4', '2013.11.16'),
(1308, 67, 75, 'ver5.9.3', '2016.12.05'),
(1309, 67, 39, 'ver0.67', '2016.03.07'),
(1310, 67, 102, 'ver16.04.00.0', '2016.12.05'),
(1311, 67, 68, 'ver8.0.2.805', '2016.08.21'),
(1312, 67, 42, 'ver2.4.1', '2016.12.05'),
(1313, 67, 60, 'ver0.91', '2015.02.14'),
(1314, 68, 58, 'ver16.4.3528.0331', '2016.09.05'),
(1315, 68, 38, 'ver4', '2011.11.15'),
(1316, 68, 82, 'ver15.4.3502.0922', '2011.07.21'),
(1317, 68, 55, 'ver15.4.3502.0922', '2011.07.21'),
(1318, 68, 34, 'ver8.0.1010.13', '2016.09.05'),
(1319, 68, 53, 'ver10.1.16', '2016.09.06'),
(1320, 68, 57, 'ver5.1.5.2', '2016.09.23'),
(1321, 68, 69, 'ver16.4.3528.0331', '2016.09.05'),
(1322, 68, 70, 'ver5.1.50428.0', '2016.09.09'),
(1323, 68, 84, 'ver10.7.144.0', '2012.10.12'),
(1324, 68, 55, 'ver16.4.3528.0331', '2016.09.05'),
(1325, 68, 62, 'ver7.27.101', '2016.09.05'),
(1326, 69, 84, 'ver10.7.144.0', '2015.03.12'),
(1327, 69, 68, 'ver7.0.3.916', '2014.10.15'),
(1328, 69, 72, 'ver2.0.103.0', '2014.03.04'),
(1329, 69, 34, 'ver8.0.1120.15', '2016.10.28'),
(1330, 69, 102, 'ver16.04.00.0', '2016.10.28'),
(1331, 69, 12, 'ver15.020.20042', '2016.11.07'),
(1332, 70, 87, 'ver55.0.2883.87', '2016.12.13'),
(1333, 70, 70, 'ver5.1.50901.0', '2016.10.12'),
(1334, 70, 60, 'ver0.91', '2016.08.26'),
(1335, 70, 30, 'ver2.1.2', '2016.08.25'),
(1336, 70, 97, 'ver2.8.18', '2016.08.27'),
(1337, 70, 86, 'ver2.5.8.0', '2014.02.23'),
(1338, 70, 39, 'ver0.67', '2016.08.25'),
(1339, 70, 68, 'ver8.1.0.1013', '2016.11.05'),
(1340, 70, 75, 'ver5.9.3', '2016.12.05'),
(1341, 70, 48, 'ver1.32.3889.0961', '2016.12.05'),
(1342, 70, 36, 'ver1.1.7.17', '2014.02.23'),
(1343, 70, 30, 'ver2.0.5', '2014.02.23'),
(1344, 70, 42, 'ver2.4.1', '2016.12.05'),
(1345, 70, 34, 'ver8.0.1120.15', '2016.10.31'),
(1346, 70, 85, 'ver0.5.7', '2014.02.23'),
(1347, 70, 1, 'ver23.0.0.257', '2016.09.15'),
(1348, 70, 22, 'ver4.5.7.6452', '2016.12.05'),
(1349, 70, 53, 'ver11.0.18', '2016.10.31'),
(1350, 70, 102, 'ver16.04.00.0', '2016.10.31'),
(1351, 70, 90, 'ver5.0.286.0', '2016.11.05'),
(1352, 70, 14, 'ver2.14.0', '2016.11.05'),
(1353, 70, 81, 'ver2.38', '2016.11.05'),
(1354, 70, 103, 'ver12.5.0', '2016.11.05'),
(1355, 70, 74, 'ver4.0.12', '2016.11.05'),
(1356, 70, 57, 'ver5.2.3.3', '2016.11.05'),
(1357, 70, 49, 'ver7.1.7.2606', '2016.10.31'),
(1358, 71, 22, 'ver4.5.7.6282', '2016.08.19'),
(1359, 71, 30, 'ver2.1.2', '2016.04.11'),
(1360, 71, 48, 'ver1.32.3889.0961', '2016.11.22'),
(1361, 71, 29, 'ver1.4.20', '2016.04.25'),
(1362, 71, 5, 'ver0.53.00.00', '2013.04.09'),
(1363, 71, 103, 'ver12.3.5', '2016.08.19'),
(1364, 71, 97, 'ver2.8.18', '2016.08.19'),
(1365, 71, 12, 'ver15.020.20042', '2016.11.06'),
(1366, 71, 87, 'ver55.0.2883.87', '2016.12.13'),
(1367, 71, 39, 'ver0.67', '2016.03.07'),
(1368, 71, 49, 'ver7.1.7.2606', '2016.11.18'),
(1369, 71, 68, 'ver8.0.2.805', '2016.08.19'),
(1370, 71, 74, 'ver4.0.10', '2016.08.19'),
(1371, 71, 34, 'ver8.0.1120.15', '2016.11.18'),
(1372, 71, 1, 'ver24.0.0.180', '2016.12.14'),
(1373, 71, 81, 'ver2.36', '2016.08.19'),
(1374, 71, 60, 'ver0.91', '2016.08.19'),
(1375, 71, 22, 'ver4.5.7.6452', '2016.12.06'),
(1376, 71, 90, 'ver5.0.268.0', '2016.08.19'),
(1377, 71, 84, 'ver11.0.705.1', '2013.03.21'),
(1378, 71, 42, 'ver2.4.1', '2016.12.06'),
(1379, 71, 75, 'ver5.9.3', '2016.12.06'),
(1380, 71, 62, 'ver7.30.105', '2016.11.23'),
(1381, 71, 55, 'ver16.4.3528.0331', '2015.11.10'),
(1382, 71, 69, 'ver16.4.3528.0331', '2015.11.10'),
(1383, 71, 36, 'ver1.1.9.13', '2014.12.16'),
(1384, 71, 57, 'ver5.2.0.4', '2016.08.19'),
(1385, 72, 68, 'ver8.0.2.805', '2016.08.26'),
(1386, 72, 34, 'ver8.0.1120.15', '2016.11.07'),
(1387, 73, 81, 'ver2.36', '2016.08.20'),
(1388, 73, 1, 'ver24.0.0.180', '2016.12.14'),
(1389, 73, 12, 'ver15.020.20042', '2016.11.07'),
(1390, 73, 39, 'ver0.67', '2016.04.23'),
(1391, 73, 70, 'ver5.1.50901.0', '2016.10.13'),
(1392, 73, 14, 'ver2.14.0', '2015.02.16'),
(1393, 73, 68, 'ver8.0.2.805', '2016.08.20'),
(1394, 73, 75, 'ver5.9.2', '2016.09.29'),
(1395, 73, 42, 'ver2.3.2', '2016.08.20'),
(1396, 73, 30, 'ver2.1.2', '2016.04.23'),
(1397, 73, 74, 'ver4.0.10', '2016.08.20'),
(1398, 73, 22, 'ver4.5.7.6321', '2016.09.08'),
(1399, 73, 36, 'ver1.2.8.12', '2016.04.23'),
(1400, 73, 90, 'ver5.0.229.0', '2016.04.23'),
(1401, 73, 57, 'ver5.2.1.2', '2016.09.12'),
(1402, 73, 87, 'ver55.0.2883.87', '2016.12.14'),
(1403, 73, 29, 'ver1.4.20', '2016.04.23'),
(1404, 73, 48, 'ver1.32.3889.0961', '2016.11.29'),
(1405, 73, 97, 'ver2.8.18', '2016.08.20'),
(1406, 73, 60, 'ver0.91', '2015.12.13'),
(1407, 73, 49, 'ver7.1.7.2606', '2016.11.07'),
(1408, 73, 34, 'ver8.0.1110.14', '2016.10.20'),
(1409, 73, 86, 'ver2.5.8.0', '2014.02.07'),
(1410, 73, 103, 'ver12.3.5', '2016.08.20'),
(1411, 74, 62, 'ver7.30.105', '2016.11.23'),
(1412, 74, 68, 'ver8.1.1.1115', '2016.12.09'),
(1413, 74, 53, 'ver10.1.16', '2016.08.24'),
(1414, 74, 72, 'ver2.0.103.0', '2014.03.04'),
(1415, 74, 34, 'ver8.0.1120.15', '2016.11.07'),
(1416, 74, 102, 'ver16.04.00.0', '2016.11.07'),
(1417, 75, 84, 'ver11.0.583.0', '2012.09.18'),
(1418, 75, 68, 'ver5.1.3.1201', '2012.05.22'),
(1419, 76, 39, 'ver0.67', '2016.04.25'),
(1420, 76, 22, 'ver4.5.4.5306', '2015.02.15'),
(1421, 76, 30, 'ver2.1.2', '2016.04.25'),
(1422, 76, 29, 'ver1.4.20', '2016.04.25'),
(1423, 76, 86, 'ver2.5.8.0', '2013.12.14'),
(1424, 76, 85, 'ver0.5.7', '2013.12.14'),
(1425, 76, 57, 'ver5.1.2.2', '2016.04.25'),
(1426, 76, 1, 'ver23.0.0.257', '2016.09.16'),
(1427, 76, 5, 'ver0.53.00.00', '2013.05.16'),
(1428, 76, 102, 'ver16.04.00.0', '2016.11.06'),
(1429, 76, 70, 'ver5.1.41212.0', '2016.01.15'),
(1430, 76, 34, 'ver8.0.1120.15', '2016.11.06'),
(1431, 76, 34, 'ver7.0.800', '2016.03.22'),
(1432, 76, 12, 'ver15.020.20042', '2016.11.06'),
(1433, 76, 97, 'ver2.8.18', '2016.08.22'),
(1434, 76, 68, 'ver7.3.4.311', '2016.04.25'),
(1435, 76, 103, 'ver12.1.0', '2016.04.25'),
(1436, 76, 14, 'ver2.14.0', '2013.05.16'),
(1437, 76, 87, 'ver54.0.2840.99', '2016.11.11'),
(1438, 76, 60, 'ver0.91', '2015.02.15'),
(1439, 76, 22, 'ver4.5.7.6452', '2016.12.04'),
(1440, 76, 7, 'ver2.2.2', '2013.05.16'),
(1441, 76, 36, 'ver1.2.4.10', '2015.02.15'),
(1442, 76, 74, 'ver4.0.9', '2016.04.25'),
(1443, 76, 81, 'ver2.35', '2016.04.25'),
(1444, 76, 75, 'ver5.9.3', '2016.12.04'),
(1445, 76, 49, 'ver7.1.7.2606', '2016.11.06'),
(1446, 76, 42, 'ver2.4.1', '2016.12.04'),
(1447, 76, 90, 'ver5.0.229.0', '2016.04.25'),
(1448, 1, 21, 'ver23.0.0.207', NULL),
(1449, 1, 9, 'ver5.24', NULL),
(1450, 1, 88, 'ver2.2.2', NULL),
(1451, 1, 55, 'ver15.4.3508.1109', NULL),
(1452, 1, 46, 'ver23.0.0.207', NULL),
(1453, 1, 63, 'ver49.0.1', NULL),
(1454, 1, 44, 'ver1.0.0', NULL),
(1455, 2, 44, 'ver1.0.0', NULL),
(1456, 2, 102, 'ver16.04', NULL),
(1457, 2, 88, 'ver2.2.4', NULL),
(1458, 2, 46, 'ver24.0.0.186', NULL),
(1459, 2, 2, 'ver5.9', NULL),
(1460, 2, 63, 'ver50.1.0', NULL),
(1461, 3, 46, 'ver24.0.0.186', NULL),
(1462, 3, 76, 'ver3.0', NULL),
(1463, 3, 88, 'ver2.2.4', NULL),
(1464, 3, 44, 'ver1.0.0', NULL),
(1465, 3, 63, 'ver50.1.0', NULL),
(1466, 3, 21, 'ver24.0.0.186', NULL),
(1467, 4, 28, 'ver7.2.2', NULL),
(1468, 4, 102, 'ver16.04', NULL),
(1469, 4, 46, 'ver24.0.0.186', NULL),
(1470, 4, 64, 'ver42.0.2393.85', NULL),
(1471, 4, 19, 'ver4.42', NULL),
(1472, 4, 67, 'ver12.2.5.195', NULL),
(1473, 4, 24, 'ver24.0.0.186', NULL),
(1474, 4, 88, 'ver2.2.4', NULL),
(1475, 4, 9, 'ver5.25', NULL),
(1476, 4, 89, 'ver3.23.0.2', NULL),
(1477, 4, 21, 'ver24.0.0.186', NULL),
(1478, 4, 63, 'ver50.1.0', NULL),
(1479, 5, 88, 'ver2.2.4', NULL),
(1480, 5, 21, 'ver18.0.0.375', NULL),
(1481, 5, 63, 'ver50.0.2', NULL),
(1482, 5, 46, 'ver22.0.0.209', NULL),
(1483, 6, 9, 'ver5.24', NULL),
(1484, 6, 63, 'ver50.1.0', NULL),
(1485, 6, 88, 'ver2.2.4', NULL),
(1486, 6, 46, 'ver24.0.0.186', NULL),
(1487, 6, 56, 'ver2.0.0.372', NULL),
(1488, 6, 2, 'ver5.5', NULL),
(1489, 6, 21, 'ver24.0.0.186', NULL),
(1490, 6, 102, 'ver9.22', NULL),
(1491, 7, 2, 'ver5.1', NULL),
(1492, 7, 88, 'ver2.2.4', NULL),
(1493, 7, 63, 'ver50.1.0', NULL),
(1494, 8, 88, 'ver2.2.4', NULL),
(1495, 8, 9, 'ver5.24', NULL),
(1496, 8, 64, 'ver41.0.2353.69', NULL),
(1497, 8, 17, 'ver1.22', NULL),
(1498, 8, 63, 'ver50.1.0', NULL),
(1499, 8, 65, 'ver4.9.9.2', NULL),
(1500, 8, 21, 'ver23.0.0.207', NULL),
(1501, 8, 46, 'ver23.0.0.207', NULL),
(1502, 8, 28, 'ver7.2.2', NULL),
(1503, 8, 89, 'ver3.23.0.2', NULL),
(1504, 8, 67, 'ver12.2.5.195', NULL),
(1505, 8, 83, 'ver3.9.141.259', NULL),
(1506, 8, 19, 'ver4.42', NULL),
(1507, 8, 76, 'ver3.0', NULL),
(1508, 9, 21, 'ver24.0.0.186', NULL),
(1509, 9, 67, 'ver12.2.5.195', NULL),
(1510, 9, 78, 'ver3.2.2', NULL),
(1511, 9, 83, 'ver3.9.141.259', NULL),
(1512, 9, 63, 'ver50.1.0', NULL),
(1513, 9, 64, 'ver42.0.2393.85', NULL),
(1514, 9, 19, 'ver4.42', NULL),
(1515, 9, 88, 'ver2.2.4', NULL),
(1516, 9, 9, 'ver5.24', NULL),
(1517, 9, 102, 'ver9.20', NULL),
(1518, 9, 28, 'ver7.2.2', NULL),
(1519, 9, 89, 'ver3.23.0.2', NULL),
(1520, 9, 46, 'ver24.0.0.186', NULL),
(1521, 10, 63, 'ver50.0.2', NULL),
(1522, 10, 46, 'ver23.0.0.207', NULL),
(1523, 10, 88, 'ver2.2.4', NULL),
(1524, 10, 102, 'ver16.04', NULL),
(1525, 10, 2, 'ver5.9', NULL),
(1526, 11, 102, 'ver16.04', NULL),
(1527, 11, 63, 'ver50.1.0', NULL),
(1528, 11, 21, 'ver24.0.0.186', NULL),
(1529, 11, 54, 'ver1.5.4', NULL),
(1530, 11, 88, 'ver2.2.4', NULL),
(1531, 11, 19, 'ver4.42', NULL),
(1532, 11, 17, 'ver1.28', NULL),
(1533, 11, 56, 'ver2.0.0.372', NULL),
(1534, 11, 89, 'ver3.23.0.2', NULL),
(1535, 11, 46, 'ver24.0.0.186', NULL),
(1536, 11, 9, 'ver5.24', NULL),
(1537, 11, 67, 'ver12.2.5.195', NULL),
(1538, 11, 24, 'ver24.0.0.186', NULL),
(1539, 11, 28, 'ver7.2.2', NULL),
(1540, 11, 59, 'ver451', NULL),
(1541, 11, 13, 'ver1.16', NULL),
(1542, 11, 64, 'ver42.0.2393.85', NULL),
(1543, 11, 11, 'ver4.94', NULL),
(1544, 12, 67, 'ver12.2.5.195', NULL),
(1545, 12, 21, 'ver23.0.0.207', NULL),
(1546, 12, 46, 'ver23.0.0.207', NULL),
(1547, 12, 28, 'ver7.2.2', NULL),
(1548, 12, 83, 'ver3.9.141.259', NULL),
(1549, 12, 63, 'ver50.0.2', NULL),
(1550, 12, 9, 'ver5.24', NULL),
(1551, 12, 76, 'ver3.0', NULL),
(1552, 12, 78, 'ver3.1.2', NULL),
(1553, 12, 101, 'ver14.4.19', NULL),
(1554, 12, 88, 'ver2.2.4', NULL),
(1555, 12, 89, 'ver3.22.2.2', NULL),
(1556, 12, 7, 'ver2.2.1', NULL),
(1557, 12, 19, 'ver4.42', NULL),
(1558, 12, 102, 'ver15.14', NULL),
(1559, 12, 64, 'ver41.0.2353.69', NULL),
(1560, 13, 9, 'ver5.24', NULL),
(1561, 13, 64, 'ver41.0.2353.69', NULL),
(1562, 13, 28, 'ver7.2.2', NULL),
(1563, 13, 67, 'ver12.2.5.195', NULL),
(1564, 13, 88, 'ver2.2.4', NULL),
(1565, 13, 63, 'ver50.0.2', NULL),
(1566, 13, 102, 'ver16.02', NULL),
(1567, 13, 83, 'ver3.9.141.259', NULL),
(1568, 13, 89, 'ver3.22.2.2', NULL),
(1569, 13, 19, 'ver4.42', NULL),
(1570, 14, 17, 'ver1.22', NULL),
(1571, 14, 19, 'ver4.42', NULL),
(1572, 14, 89, 'ver3.22.2.2', NULL),
(1573, 14, 64, 'ver12.15.1748', NULL),
(1574, 14, 102, 'ver16.04', NULL),
(1575, 14, 64, 'ver41.0.2353.46', NULL),
(1576, 14, 76, 'ver3.0', NULL),
(1577, 14, 67, 'ver12.2.5.195', NULL),
(1578, 14, 21, 'ver23.0.0.205', NULL),
(1579, 14, 9, 'ver5.22', NULL),
(1580, 14, 28, 'ver7.2', NULL),
(1581, 14, 65, 'ver4.9.9.2', NULL),
(1582, 14, 46, 'ver23.0.0.205', NULL),
(1583, 14, 88, 'ver2.2.4', NULL),
(1584, 14, 63, 'ver49.0.2', NULL),
(1585, 14, 83, 'ver3.9.141.259', NULL),
(1586, 15, 28, 'ver7.2.2', NULL),
(1587, 15, 89, 'ver3.23.0.2', NULL),
(1588, 15, 102, 'ver16.02', NULL),
(1589, 15, 64, 'ver42.0.2393.85', NULL),
(1590, 15, 9, 'ver5.23', NULL),
(1591, 15, 21, 'ver24.0.0.186', NULL),
(1592, 15, 88, 'ver2.2.4', NULL),
(1593, 15, 67, 'ver12.2.5.195', NULL),
(1594, 15, 101, 'ver15.4.22', NULL),
(1595, 15, 19, 'ver4.42', NULL),
(1596, 15, 46, 'ver24.0.0.186', NULL),
(1597, 15, 83, 'ver3.9.141.259', NULL),
(1598, 15, 63, 'ver50.1.0', NULL),
(1599, 16, 9, 'ver5.24', NULL),
(1600, 16, 88, 'ver2.2.4', NULL),
(1601, 16, 21, 'ver24.0.0.186', NULL),
(1602, 16, 67, 'ver12.2.5.195', NULL),
(1603, 16, 89, 'ver3.23.0.2', NULL),
(1604, 16, 64, 'ver42.0.2393.85', NULL),
(1605, 16, 46, 'ver24.0.0.186', NULL),
(1606, 16, 102, 'ver16.02', NULL),
(1607, 16, 19, 'ver4.42', NULL),
(1608, 16, 63, 'ver50.1.0', NULL),
(1609, 16, 28, 'ver7.2.2', NULL),
(1610, 17, 46, 'ver23.0.0.207', NULL),
(1611, 17, 63, 'ver50.0.2', NULL),
(1612, 17, 21, 'ver23.0.0.207', NULL),
(1613, 17, 88, 'ver2.2.4', NULL),
(1614, 17, 2, 'ver5.1', NULL),
(1615, 17, 76, 'ver3.0', NULL),
(1616, 17, 44, 'ver1.0.0', NULL),
(1617, 18, 88, 'ver2.2.4', NULL),
(1618, 18, 46, 'ver23.0.0.205', NULL),
(1619, 18, 50, 'ver3.0.6', NULL),
(1620, 18, 63, 'ver50.0.2', NULL),
(1621, 18, 21, 'ver23.0.0.205', NULL),
(1622, 19, 76, 'ver3.0', NULL),
(1623, 19, 21, 'ver23.0.0.207', NULL),
(1624, 19, 46, 'ver23.0.0.207', NULL),
(1625, 20, 21, 'ver24.0.0.186', NULL),
(1626, 20, 28, 'ver7.2.2', NULL),
(1627, 20, 102, 'ver16.02', NULL),
(1628, 20, 83, 'ver3.9.141.259', NULL),
(1629, 20, 64, 'ver42.0.2393.85', NULL),
(1630, 20, 44, 'ver1.0.0', NULL),
(1631, 20, 63, 'ver50.1.0', NULL),
(1632, 20, 88, 'ver2.2.4', NULL),
(1633, 20, 9, 'ver5.24', NULL),
(1634, 20, 46, 'ver24.0.0.186', NULL),
(1635, 20, 19, 'ver4.42', NULL),
(1636, 20, 64, 'ver25.0.1614.50', NULL),
(1637, 20, 64, 'ver12.16.1860', NULL),
(1638, 20, 78, 'ver3.2.2', NULL),
(1639, 20, 89, 'ver3.23.0.2', NULL),
(1640, 20, 67, 'ver12.2.5.195', NULL),
(1641, 21, 83, 'ver3.9.141.259', NULL),
(1642, 21, 63, 'ver50.0', NULL),
(1643, 21, 67, 'ver12.2.5.195', NULL),
(1644, 21, 88, 'ver2.2.4', NULL),
(1645, 21, 21, 'ver23.0.0.207', NULL),
(1646, 21, 54, 'ver1.4.1', NULL),
(1647, 21, 64, 'ver41.0.2353.56', NULL),
(1648, 21, 44, 'ver1.0.0', NULL),
(1649, 21, 20, 'ver2.67a', NULL),
(1650, 21, 89, 'ver3.22.2.2', NULL),
(1651, 21, 46, 'ver23.0.0.207', NULL),
(1652, 21, 102, 'ver16.02', NULL),
(1653, 21, 28, 'ver7.2', NULL),
(1654, 21, 78, 'ver3.2.2', NULL),
(1655, 21, 64, 'ver12.17.1863', NULL),
(1656, 21, 19, 'ver4.42', NULL),
(1657, 21, 92, 'ver2.64.1073', NULL),
(1658, 21, 9, 'ver5.23', NULL),
(1659, 21, 76, 'ver3.0', NULL),
(1660, 22, 19, 'ver4.42', NULL),
(1661, 22, 17, 'ver1.23.1', NULL),
(1662, 22, 28, 'ver7.2.2', NULL),
(1663, 22, 64, 'ver42.0.2393.85', NULL),
(1664, 22, 83, 'ver3.9.141.259', NULL),
(1665, 22, 63, 'ver50.1.0', NULL),
(1666, 22, 88, 'ver2.2.4', NULL),
(1667, 22, 21, 'ver24.0.0.186', NULL),
(1668, 22, 9, 'ver5.24', NULL),
(1669, 22, 67, 'ver12.2.5.195', NULL),
(1670, 22, 89, 'ver3.23.0.2', NULL),
(1671, 22, 46, 'ver24.0.0.186', NULL),
(1672, 22, 56, 'ver2.0.0.372', NULL),
(1673, 22, 64, 'ver12.16.1860', NULL),
(1674, 22, 65, 'ver4.9.9.2', NULL),
(1675, 22, 102, 'ver16.02', NULL),
(1676, 23, 64, 'ver41.0.2353.69', NULL),
(1677, 23, 19, 'ver4.42', NULL),
(1678, 23, 46, 'ver23.0.0.207', NULL),
(1679, 23, 78, 'ver3.2.2', NULL),
(1680, 23, 83, 'ver3.9.141.259', NULL),
(1681, 23, 76, 'ver3.0', NULL),
(1682, 23, 67, 'ver12.2.5.195', NULL),
(1683, 23, 28, 'ver7.2.2', NULL),
(1684, 23, 88, 'ver2.2.4', NULL),
(1685, 23, 89, 'ver3.23.0.2', NULL),
(1686, 23, 102, 'ver16.02', NULL),
(1687, 23, 7, 'ver2.2.1', NULL),
(1688, 23, 63, 'ver50.0.2', NULL),
(1689, 23, 21, 'ver23.0.0.207', NULL),
(1690, 23, 64, 'ver12.16.1860', NULL),
(1691, 23, 9, 'ver5.18', NULL),
(1692, 24, 19, 'ver4.42', NULL),
(1693, 24, 46, 'ver24.0.0.186', NULL),
(1694, 24, 61, 'ver1516.1.0', NULL),
(1695, 24, 61, 'ver1415.1.0', NULL),
(1696, 24, 83, 'ver3.9.141.259', NULL),
(1697, 24, 7, 'ver2.2.1', NULL),
(1698, 24, 9, 'ver5.23', NULL),
(1699, 24, 89, 'ver3.23.0.2', NULL),
(1700, 24, 63, 'ver50.1.0', NULL),
(1701, 24, 61, 'ver1617.1.0', NULL),
(1702, 24, 88, 'ver2.2.4', NULL),
(1703, 24, 64, 'ver42.0.2393.85', NULL),
(1704, 24, 67, 'ver12.2.5.195', NULL),
(1705, 24, 28, 'ver7.2.2', NULL),
(1706, 24, 21, 'ver24.0.0.186', NULL),
(1707, 24, 102, 'ver16.02', NULL),
(1708, 25, 21, 'ver24.0.0.186', NULL),
(1709, 25, 63, 'ver50.0', NULL),
(1710, 25, 88, 'ver2.2.4', NULL),
(1711, 25, 67, 'ver12.2.5.195', NULL),
(1712, 25, 24, 'ver23.0.0.207', NULL),
(1713, 25, 19, 'ver4.42', NULL),
(1714, 25, 46, 'ver24.0.0.186', NULL),
(1715, 25, 89, 'ver3.22.2.2', NULL),
(1716, 25, 64, 'ver41.0.2353.69', NULL),
(1717, 25, 102, 'ver16.04', NULL),
(1718, 25, 9, 'ver5.24', NULL),
(1719, 25, 28, 'ver7.2.1', NULL),
(1720, 26, 102, 'ver9.10', NULL),
(1721, 26, 56, 'ver2.0.0.372', NULL),
(1722, 26, 63, 'ver50.1.0', NULL),
(1723, 26, 2, 'ver4.9', NULL),
(1724, 26, 46, 'ver24.0.0.186', NULL),
(1725, 26, 63, 'ver50.0.2', NULL),
(1726, 26, 9, 'ver5.24', NULL),
(1727, 26, 88, 'ver2.2.4', NULL),
(1728, 27, 9, 'ver5.24', NULL),
(1729, 27, 2, 'ver4.6', NULL),
(1730, 27, 46, 'ver23.0.0.205', NULL),
(1731, 27, 63, 'ver50.0.2', NULL),
(1732, 27, 21, 'ver23.0.0.205', NULL),
(1733, 28, 64, 'ver41.0.2353.69', NULL),
(1734, 28, 9, 'ver5.24', NULL),
(1735, 28, 46, 'ver23.0.0.207', NULL),
(1736, 28, 83, 'ver3.9.141.259', NULL),
(1737, 28, 89, 'ver3.22.2.2', NULL),
(1738, 28, 102, 'ver16.02', NULL),
(1739, 28, 44, 'ver1.0.0', NULL),
(1740, 28, 28, 'ver7.2.2', NULL),
(1741, 28, 88, 'ver2.2.4', NULL),
(1742, 28, 19, 'ver4.42', NULL),
(1743, 28, 21, 'ver23.0.0.207', NULL),
(1744, 28, 67, 'ver12.2.5.195', NULL),
(1745, 28, 63, 'ver50.0.2', NULL),
(1746, 29, 54, 'ver1.5.4', NULL),
(1747, 29, 21, 'ver24.0.0.186', NULL),
(1748, 29, 20, 'ver2.67a', NULL),
(1749, 29, 28, 'ver7.2', NULL),
(1750, 29, 83, 'ver3.9.141.259', NULL),
(1751, 29, 67, 'ver12.2.5.195', NULL),
(1752, 29, 64, 'ver41.0.2353.69', NULL),
(1753, 29, 64, 'ver12.17.1863', NULL),
(1754, 29, 60, 'ver0.48.5', NULL),
(1755, 29, 19, 'ver4.42', NULL),
(1756, 29, 63, 'ver50.0', NULL),
(1757, 29, 46, 'ver23.0.0.207', NULL),
(1758, 29, 89, 'ver3.22.2.2', NULL),
(1759, 29, 92, 'ver2.64.1073', NULL),
(1760, 29, 9, 'ver5.24', NULL),
(1761, 29, 44, 'ver1.0.0', NULL),
(1762, 29, 76, 'ver3.0', NULL),
(1763, 29, 78, 'ver3.2.2', NULL),
(1764, 29, 88, 'ver2.2.4', NULL),
(1765, 30, 88, 'ver2.2.4', NULL),
(1766, 30, 92, 'ver2.58.1058', NULL),
(1767, 30, 46, 'ver23.0.0.205', NULL),
(1768, 30, 67, 'ver12.2.5.195', NULL),
(1769, 30, 63, 'ver50.1.0', NULL),
(1770, 30, 21, 'ver23.0.0.205', NULL),
(1771, 31, 88, 'ver2.2.4', NULL),
(1772, 31, 64, 'ver41.0.2353.69', NULL),
(1773, 31, 28, 'ver7.2.2', NULL),
(1774, 31, 101, 'ver15.4.22', NULL),
(1775, 31, 102, 'ver16.02', NULL),
(1776, 31, 21, 'ver23.0.0.207', NULL),
(1777, 31, 67, 'ver12.2.5.195', NULL),
(1778, 31, 76, 'ver3.0', NULL),
(1779, 31, 9, 'ver5.24', NULL),
(1780, 31, 78, 'ver3.1.2', NULL),
(1781, 31, 83, 'ver3.9.141.259', NULL),
(1782, 31, 89, 'ver3.23.0.2', NULL),
(1783, 31, 7, 'ver2.2.1', NULL),
(1784, 31, 64, 'ver12.16.1860', NULL),
(1785, 31, 46, 'ver23.0.0.207', NULL),
(1786, 31, 63, 'ver50.0.2', NULL),
(1787, 31, 19, 'ver4.42', NULL),
(1788, 32, 59, 'ver451', NULL),
(1789, 32, 13, 'ver1.16', NULL),
(1790, 32, 89, 'ver3.23.0.2', NULL),
(1791, 32, 21, 'ver23.0.0.207', NULL),
(1792, 32, 56, 'ver2.0.0.372', NULL),
(1793, 32, 46, 'ver23.0.0.207', NULL),
(1794, 32, 64, 'ver41.0.2353.69', NULL),
(1795, 32, 17, 'ver1.28', NULL),
(1796, 32, 11, 'ver4.94', NULL),
(1797, 32, 88, 'ver2.2.4', NULL),
(1798, 32, 28, 'ver7.2.2', NULL),
(1799, 32, 24, 'ver23.0.0.207', NULL),
(1800, 32, 9, 'ver5.24', NULL),
(1801, 32, 19, 'ver4.42', NULL),
(1802, 32, 54, 'ver1.5.4', NULL),
(1803, 32, 63, 'ver50.0.2', NULL),
(1804, 32, 67, 'ver12.2.5.195', NULL),
(1805, 32, 102, 'ver16.04', NULL),
(1806, 33, 88, 'ver2.2.4', NULL),
(1807, 33, 83, 'ver3.9.141.259', NULL),
(1808, 33, 67, 'ver12.2.5.195', NULL),
(1809, 33, 19, 'ver4.42', NULL),
(1810, 33, 102, 'ver16.02', NULL),
(1811, 33, 28, 'ver7.2.2', NULL),
(1812, 33, 7, 'ver2.2.1', NULL),
(1813, 33, 64, 'ver41.0.2353.69', NULL),
(1814, 33, 63, 'ver50.0.2', NULL),
(1815, 33, 78, 'ver3.2.2', NULL),
(1816, 33, 46, 'ver24.0.0.186', NULL),
(1817, 33, 21, 'ver24.0.0.186', NULL),
(1818, 33, 92, 'ver2.64.1073', NULL),
(1819, 33, 9, 'ver5.24', NULL),
(1820, 33, 76, 'ver3.0', NULL),
(1821, 33, 44, 'ver1.0.0', NULL),
(1822, 33, 89, 'ver3.23.0.2', NULL),
(1823, 34, 7, 'ver2.2.1', NULL),
(1824, 34, 78, 'ver3.2.2', NULL),
(1825, 34, 102, 'ver16.02', NULL),
(1826, 34, 64, 'ver12.16.1860', NULL),
(1827, 34, 19, 'ver4.42', NULL),
(1828, 34, 88, 'ver2.2.4', NULL),
(1829, 34, 101, 'ver16.4.29', NULL),
(1830, 34, 28, 'ver7.2.2', NULL),
(1831, 34, 63, 'ver50.0.2', NULL),
(1832, 34, 9, 'ver5.24', NULL),
(1833, 34, 83, 'ver3.9.141.259', NULL),
(1834, 34, 64, 'ver41.0.2353.69', NULL),
(1835, 34, 89, 'ver3.23.0.2', NULL),
(1836, 34, 67, 'ver12.2.5.195', NULL),
(1837, 34, 76, 'ver3.0', NULL),
(1838, 34, 21, 'ver24.0.0.186', NULL),
(1839, 34, 46, 'ver24.0.0.186', NULL),
(1840, 34, 44, 'ver1.0.0', NULL),
(1841, 35, 67, 'ver12.2.5.195', NULL),
(1842, 35, 28, 'ver7.2.2', NULL),
(1843, 35, 88, 'ver2.2.4', NULL),
(1844, 35, 9, 'ver5.24', NULL),
(1845, 35, 89, 'ver3.23.0.2', NULL),
(1846, 35, 83, 'ver3.9.141.259', NULL),
(1847, 35, 63, 'ver50.0.2', NULL),
(1848, 35, 102, 'ver15.14', NULL),
(1849, 35, 64, 'ver41.0.2353.69', NULL),
(1850, 36, 63, 'ver50.0.2', NULL),
(1851, 36, 44, 'ver1.0.0', NULL),
(1852, 36, 21, 'ver23.0.0.207', NULL),
(1853, 36, 88, 'ver2.2.4', NULL),
(1854, 36, 46, 'ver23.0.0.207', NULL),
(1855, 37, 21, 'ver18.0.0.366', NULL),
(1856, 37, 68, 'ver3.1.3.1030', NULL),
(1857, 37, 50, 'ver3.0.6', NULL),
(1858, 37, 67, 'ver12.2.5.195', NULL),
(1859, 37, 63, 'ver50.1.0', NULL),
(1860, 37, 46, 'ver18.0.0.366', NULL),
(1861, 37, 88, 'ver2.2.4', NULL),
(1862, 37, 9, 'ver5.24', NULL),
(1863, 38, 102, 'ver16.04', NULL),
(1864, 38, 9, 'ver5.25', NULL),
(1865, 38, 63, 'ver50.1.0', NULL),
(1866, 38, 28, 'ver7.2.2', NULL),
(1867, 38, 24, 'ver24.0.0.186', NULL),
(1868, 38, 21, 'ver24.0.0.186', NULL),
(1869, 38, 89, 'ver3.23.0.2', NULL),
(1870, 38, 67, 'ver12.2.5.195', NULL),
(1871, 38, 64, 'ver42.0.2393.85', NULL),
(1872, 38, 88, 'ver2.2.4', NULL),
(1873, 38, 19, 'ver4.42', NULL),
(1874, 38, 46, 'ver24.0.0.186', NULL),
(1875, 39, 66, 'ver7.2.1', NULL),
(1876, 39, 21, 'ver24.0.0.186', NULL),
(1877, 39, 102, 'ver16.04', NULL),
(1878, 39, 28, 'ver7.2.2', NULL),
(1879, 39, 65, 'ver4.9.9.2', NULL),
(1880, 39, 17, 'ver1.22', NULL),
(1881, 39, 64, 'ver42.0.2393.85', NULL),
(1882, 39, 78, 'ver3.2.2', NULL),
(1883, 39, 89, 'ver3.23.0.2', NULL),
(1884, 39, 46, 'ver24.0.0.186', NULL),
(1885, 39, 54, 'ver1.4.1', NULL),
(1886, 39, 63, 'ver50.1.0', NULL),
(1887, 39, 67, 'ver12.2.5.195', NULL),
(1888, 39, 13, 'ver1.16', NULL),
(1889, 39, 76, 'ver3.0', NULL),
(1890, 39, 56, 'ver2.0.0.372', NULL),
(1891, 39, 7, 'ver2.2.1', NULL),
(1892, 39, 88, 'ver2.2.4', NULL),
(1893, 39, 9, 'ver5.24', NULL),
(1894, 39, 83, 'ver3.9.141.259', NULL),
(1895, 39, 19, 'ver4.42', NULL),
(1896, 39, 20, 'ver2.68a', NULL),
(1897, 40, 63, 'ver50.0', NULL),
(1898, 40, 89, 'ver3.21.0', NULL),
(1899, 40, 44, 'ver1.0.0', NULL),
(1900, 40, 19, 'ver4.42', NULL),
(1901, 40, 28, 'ver6.9.2', NULL),
(1902, 40, 88, 'ver2.2.4', NULL),
(1903, 40, 102, 'ver16.02', NULL),
(1904, 40, 83, 'ver3.9.141.259', NULL),
(1905, 40, 67, 'ver12.2.4.194', NULL),
(1906, 40, 46, 'ver23.0.0.207', NULL),
(1907, 40, 21, 'ver23.0.0.207', NULL),
(1908, 40, 64, 'ver41.0.2353.56', NULL),
(1909, 40, 79, 'ver4.1', NULL),
(1910, 40, 9, 'ver5.16', NULL),
(1911, 41, 83, 'ver3.9.141.259', NULL),
(1912, 41, 9, 'ver5.24', NULL),
(1913, 41, 64, 'ver41.0.2353.69', NULL),
(1914, 41, 102, 'ver16.02', NULL),
(1915, 41, 63, 'ver50.0.2', NULL),
(1916, 41, 19, 'ver4.42', NULL),
(1917, 41, 88, 'ver2.2.4', NULL),
(1918, 41, 28, 'ver7.2.2', NULL),
(1919, 41, 67, 'ver12.2.5.195', NULL),
(1920, 41, 89, 'ver3.23.0.2', NULL),
(1921, 41, 46, 'ver23.0.0.207', NULL),
(1922, 42, 56, 'ver2.0.0.372', NULL),
(1923, 42, 63, 'ver50.1.0', NULL),
(1924, 42, 21, 'ver24.0.0.186', NULL),
(1925, 42, 46, 'ver24.0.0.186', NULL),
(1926, 42, 102, 'ver9.10', NULL),
(1927, 42, 2, 'ver4.6', NULL),
(1928, 42, 88, 'ver2.0.3', NULL),
(1929, 42, 55, 'ver15.4.3508.1109', NULL),
(1930, 43, 46, 'ver24.0.0.186', NULL),
(1931, 43, 19, 'ver4.42', NULL),
(1932, 43, 9, 'ver5.24', NULL),
(1933, 43, 7, 'ver2.2.1', NULL),
(1934, 43, 88, 'ver2.2.4', NULL),
(1935, 43, 63, 'ver50.1.0', NULL),
(1936, 43, 28, 'ver7.2.2', NULL),
(1937, 43, 83, 'ver3.9.141.259', NULL),
(1938, 43, 89, 'ver3.23.0.2', NULL),
(1939, 43, 21, 'ver24.0.0.186', NULL),
(1940, 43, 64, 'ver42.0.2393.85', NULL),
(1941, 43, 67, 'ver12.2.5.195', NULL),
(1942, 44, 63, 'ver50.1.0', NULL),
(1943, 44, 28, 'ver7.2.2', NULL),
(1944, 44, 19, 'ver4.42', NULL),
(1945, 44, 67, 'ver12.2.5.195', NULL),
(1946, 44, 88, 'ver2.2.4', NULL),
(1947, 44, 9, 'ver5.24', NULL),
(1948, 44, 64, 'ver42.0.2393.85', NULL),
(1949, 44, 89, 'ver3.23.0.2', NULL),
(1950, 44, 83, 'ver3.9.141.259', NULL),
(1951, 45, 89, 'ver3.23.0.2', NULL),
(1952, 45, 88, 'ver2.2.4', NULL),
(1953, 45, 9, 'ver5.24', NULL),
(1954, 45, 64, 'ver42.0.2393.85', NULL),
(1955, 45, 67, 'ver12.2.5.195', NULL),
(1956, 45, 63, 'ver50.1.0', NULL),
(1957, 45, 28, 'ver7.2.2', NULL),
(1958, 45, 19, 'ver4.42', NULL),
(1959, 45, 102, 'ver16.02', NULL),
(1960, 45, 83, 'ver3.9.141.259', NULL),
(1961, 45, 46, 'ver24.0.0.186', NULL),
(1962, 46, 9, 'ver5.22', NULL),
(1963, 46, 46, 'ver23.0.0.207', NULL),
(1964, 46, 63, 'ver50.0.2', NULL),
(1965, 46, 88, 'ver2.2.4', NULL),
(1966, 46, 2, 'ver5.1', NULL),
(1967, 46, 21, 'ver23.0.0.207', NULL),
(1968, 47, 88, 'ver2.2.4', NULL),
(1969, 47, 21, 'ver23.0.0.207', NULL),
(1970, 47, 44, 'ver1.0.0', NULL),
(1971, 47, 28, 'ver7.2.2', NULL),
(1972, 47, 89, 'ver3.23.0.2', NULL),
(1973, 47, 67, 'ver12.2.5.195', NULL),
(1974, 47, 101, 'ver15.4.22', NULL),
(1975, 47, 64, 'ver41.0.2353.69', NULL),
(1976, 47, 19, 'ver4.42', NULL),
(1977, 47, 102, 'ver16.02', NULL),
(1978, 47, 46, 'ver23.0.0.207', NULL),
(1979, 47, 83, 'ver3.9.141.259', NULL),
(1980, 47, 63, 'ver50.0.2', NULL),
(1981, 47, 9, 'ver5.21', NULL),
(1982, 48, 24, 'ver24.0.0.186', NULL),
(1983, 48, 102, 'ver15.06', NULL),
(1984, 48, 28, 'ver7', NULL),
(1985, 48, 64, 'ver41.0.2353.69', NULL),
(1986, 48, 46, 'ver24.0.0.186', NULL),
(1987, 48, 88, 'ver2.2.4', NULL),
(1988, 48, 67, 'ver12.2.5.195', NULL),
(1989, 48, 63, 'ver50.0.2', NULL),
(1990, 48, 89, 'ver3.22.1', NULL),
(1991, 49, 63, 'ver49.0.1', NULL),
(1992, 49, 56, 'ver2.0.0.372', NULL),
(1993, 49, 88, 'ver2.2.4', NULL),
(1994, 49, 2, 'ver4.8', NULL),
(1995, 49, 102, 'ver9.10', NULL),
(1996, 49, 55, 'ver15.4.3508.1109', NULL),
(1997, 50, 102, 'ver16.04', NULL),
(1998, 50, 56, 'ver2.0.0.372', NULL),
(1999, 50, 67, 'ver12.2.5.195', NULL),
(2000, 50, 63, 'ver50.0.2', NULL),
(2001, 50, 55, 'ver15.4.3508.1109', NULL),
(2002, 50, 46, 'ver24.0.0.186', NULL),
(2003, 50, 21, 'ver24.0.0.186', NULL),
(2004, 51, 21, 'ver24.0.0.186', NULL),
(2005, 51, 63, 'ver50.1.0', NULL),
(2006, 51, 76, 'ver3.0', NULL),
(2007, 51, 19, 'ver4.38', NULL),
(2008, 51, 46, 'ver24.0.0.186', NULL),
(2009, 51, 9, 'ver5.22', NULL),
(2010, 51, 88, 'ver2.2.4', NULL),
(2011, 52, 89, 'ver3.22.2.2', NULL),
(2012, 52, 102, 'ver16.04', NULL),
(2013, 52, 67, 'ver12.2.5.195', NULL),
(2014, 52, 63, 'ver50.0', NULL),
(2015, 52, 28, 'ver7.2.1', NULL),
(2016, 52, 88, 'ver2.2.4', NULL),
(2017, 52, 19, 'ver4.42', NULL),
(2018, 52, 83, 'ver3.9.141.259', NULL),
(2019, 52, 64, 'ver41.0.2353.56', NULL),
(2020, 52, 9, 'ver5.23', NULL),
(2021, 53, 64, 'ver36.0.2130.46', NULL),
(2022, 53, 89, 'ver3.16.1', NULL),
(2023, 53, 102, 'ver15.14', NULL),
(2024, 53, 9, 'ver5.12', NULL),
(2025, 53, 88, 'ver2.2.2', NULL),
(2026, 53, 63, 'ver45.0.1', NULL),
(2027, 53, 28, 'ver6.9.1', NULL),
(2028, 53, 83, 'ver3.9.141.259', NULL),
(2029, 53, 67, 'ver12.2.4.194', NULL),
(2030, 54, 78, 'ver3.2.2', NULL),
(2031, 54, 54, 'ver1.5.4', NULL),
(2032, 54, 66, 'ver8.0', NULL),
(2033, 54, 76, 'ver3.0', NULL),
(2034, 54, 83, 'ver3.9.141.259', NULL),
(2035, 54, 88, 'ver2.2.4', NULL),
(2036, 54, 21, 'ver23.0.0.207', NULL),
(2037, 54, 17, 'ver1.27', NULL),
(2038, 54, 64, 'ver41.0.2353.69', NULL),
(2039, 54, 9, 'ver5.24', NULL),
(2040, 54, 35, 'ver12.0.31101', NULL),
(2041, 54, 46, 'ver23.0.0.207', NULL),
(2042, 54, 67, 'ver12.2.5.195', NULL),
(2043, 54, 102, 'ver16.04', NULL),
(2044, 54, 56, 'ver2.0.0.372', NULL),
(2045, 54, 13, 'ver1.16', NULL),
(2046, 54, 89, 'ver3.23.0.2', NULL),
(2047, 54, 28, 'ver7.2.2', NULL),
(2048, 54, 19, 'ver4.42', NULL),
(2049, 54, 63, 'ver50.0.2', NULL),
(2050, 55, 21, 'ver23.0.0.207', NULL),
(2051, 55, 83, 'ver3.9.141.259', NULL),
(2052, 55, 9, 'ver5.24', NULL),
(2053, 55, 67, 'ver12.2.5.195', NULL),
(2054, 55, 28, 'ver7.2.1', NULL),
(2055, 55, 46, 'ver23.0.0.207', NULL),
(2056, 55, 102, 'ver15.14', NULL),
(2057, 55, 88, 'ver2.2.4', NULL),
(2058, 55, 64, 'ver41.0.2353.69', NULL),
(2059, 55, 89, 'ver3.22.2.2', NULL),
(2060, 55, 63, 'ver50.0', NULL),
(2061, 56, 9, 'ver5.24', NULL),
(2062, 56, 67, 'ver12.2.5.195', NULL),
(2063, 56, 88, 'ver2.2.4', NULL),
(2064, 56, 102, 'ver16.04', NULL),
(2065, 56, 21, 'ver24.0.0.186', NULL),
(2066, 56, 24, 'ver24.0.0.186', NULL),
(2067, 56, 46, 'ver24.0.0.186', NULL),
(2068, 56, 89, 'ver3.23.0.2', NULL),
(2069, 56, 19, 'ver4.42', NULL),
(2070, 56, 64, 'ver42.0.2393.85', NULL),
(2071, 56, 63, 'ver50.1.0', NULL),
(2072, 56, 28, 'ver7.2.2', NULL),
(2073, 57, 9, 'ver5.24', NULL),
(2074, 57, 46, 'ver24.0.0.186', NULL),
(2075, 57, 55, 'ver15.4.3508.1109', NULL),
(2076, 57, 44, 'ver1.0.0', NULL),
(2077, 57, 88, 'ver1.1.11', NULL),
(2078, 57, 63, 'ver49.0.2', NULL),
(2079, 57, 21, 'ver24.0.0.186', NULL),
(2080, 58, 28, 'ver7.2.2', NULL),
(2081, 58, 19, 'ver4.42', NULL),
(2082, 58, 46, 'ver23.0.0.207', NULL),
(2083, 58, 89, 'ver3.22.2.2', NULL),
(2084, 58, 67, 'ver12.2.5.195', NULL),
(2085, 58, 9, 'ver5.24', NULL),
(2086, 58, 102, 'ver16.02', NULL),
(2087, 58, 88, 'ver2.2.4', NULL),
(2088, 58, 63, 'ver50.0.2', NULL),
(2089, 58, 83, 'ver3.9.141.259', NULL),
(2090, 58, 64, 'ver41.0.2353.69', NULL),
(2091, 59, 67, 'ver12.2.5.195', NULL),
(2092, 59, 64, 'ver41.0.2353.69', NULL),
(2093, 59, 63, 'ver50.0.2', NULL),
(2094, 59, 88, 'ver2.2.4', NULL),
(2095, 59, 19, 'ver4.42', NULL),
(2096, 59, 102, 'ver15.12', NULL),
(2097, 59, 9, 'ver5.24', NULL),
(2098, 59, 89, 'ver3.23.0.2', NULL),
(2099, 59, 2, 'ver5.5', NULL),
(2100, 59, 28, 'ver7.2.2', NULL),
(2101, 59, 46, 'ver24.0.0.186', NULL),
(2102, 59, 83, 'ver3.9.141.259', NULL),
(2103, 60, 102, 'ver16.04', NULL),
(2104, 60, 24, 'ver23.0.0.207', NULL),
(2105, 60, 9, 'ver5.24', NULL),
(2106, 60, 63, 'ver50.0', NULL),
(2107, 60, 19, 'ver4.42', NULL),
(2108, 60, 64, 'ver41.0.2353.69', NULL),
(2109, 60, 28, 'ver7.2.1', NULL),
(2110, 60, 88, 'ver2.2.4', NULL),
(2111, 60, 89, 'ver3.22.2.2', NULL),
(2112, 60, 46, 'ver23.0.0.207', NULL),
(2113, 60, 67, 'ver12.2.5.195', NULL),
(2114, 60, 21, 'ver23.0.0.207', NULL),
(2115, 61, 64, 'ver41.0.2353.46', NULL),
(2116, 61, 9, 'ver5.23', NULL),
(2117, 61, 89, 'ver3.22.2.2', NULL),
(2118, 61, 83, 'ver3.9.141.259', NULL),
(2119, 61, 19, 'ver4.42', NULL),
(2120, 61, 11, 'ver4.94', NULL),
(2121, 61, 44, 'ver1.0.0', NULL),
(2122, 61, 67, 'ver12.2.5.195', NULL),
(2123, 61, 28, 'ver7.2', NULL),
(2124, 61, 63, 'ver49.0.2', NULL),
(2125, 61, 102, 'ver16.02', NULL),
(2126, 61, 88, 'ver2.2.4', NULL),
(2127, 62, 83, 'ver3.9.141.259', NULL),
(2128, 62, 67, 'ver12.2.5.195', NULL),
(2129, 62, 102, 'ver16.04', NULL),
(2130, 62, 88, 'ver2.2.4', NULL),
(2131, 62, 46, 'ver23.0.0.205', NULL),
(2132, 62, 17, 'ver1.22', NULL),
(2133, 62, 19, 'ver4.42', NULL),
(2134, 62, 89, 'ver3.22.2.2', NULL),
(2135, 62, 21, 'ver23.0.0.205', NULL),
(2136, 62, 64, 'ver41.0.2353.46', NULL),
(2137, 62, 65, 'ver4.9.9.2', NULL),
(2138, 62, 76, 'ver3.0', NULL),
(2139, 62, 28, 'ver7.2', NULL),
(2140, 62, 63, 'ver49.0.2', NULL),
(2141, 62, 9, 'ver5.22', NULL),
(2142, 63, 102, 'ver16.04', NULL),
(2143, 63, 67, 'ver12.2.5.195', NULL),
(2144, 63, 19, 'ver4.42', NULL),
(2145, 63, 88, 'ver2.2.4', NULL),
(2146, 63, 89, 'ver3.22.2.2', NULL),
(2147, 63, 24, 'ver23.0.0.207', NULL),
(2148, 63, 28, 'ver7.2.1', NULL),
(2149, 63, 63, 'ver50.0', NULL),
(2150, 63, 21, 'ver23.0.0.207', NULL),
(2151, 63, 64, 'ver41.0.2353.69', NULL),
(2152, 63, 9, 'ver5.24', NULL),
(2153, 63, 46, 'ver23.0.0.207', NULL),
(2154, 64, 88, 'ver2.2.4', NULL),
(2155, 64, 46, 'ver24.0.0.186', NULL),
(2156, 64, 2, 'ver5.5', NULL),
(2157, 64, 63, 'ver50.1.0', NULL),
(2158, 65, 102, 'ver16.02', NULL),
(2159, 65, 63, 'ver48.0.2', NULL),
(2160, 65, 88, 'ver2.2.4', NULL),
(2161, 65, 28, 'ver6.9.2', NULL),
(2162, 65, 89, 'ver3.21.0', NULL),
(2163, 65, 67, 'ver12.2.4.194', NULL),
(2164, 65, 19, 'ver4.42', NULL),
(2165, 65, 64, 'ver41.0.2353.69', NULL),
(2166, 66, 18, 'ver3.5.7', NULL),
(2167, 66, 102, 'ver15.14', NULL),
(2168, 66, 67, 'ver12.2.5.195', NULL),
(2169, 66, 88, 'ver2.2.4', NULL),
(2170, 66, 28, 'ver7.2.2', NULL),
(2171, 66, 64, 'ver41.0.2353.69', NULL),
(2172, 66, 89, 'ver3.23.0.2', NULL),
(2173, 66, 19, 'ver4.42', NULL),
(2174, 66, 9, 'ver5.22', NULL),
(2175, 66, 63, 'ver50.0.2', NULL),
(2176, 67, 78, 'ver3.2.2', NULL),
(2177, 67, 9, 'ver5.24', NULL),
(2178, 67, 64, 'ver12.16.1860', NULL),
(2179, 67, 88, 'ver2.2.4', NULL),
(2180, 67, 64, 'ver42.0.2393.85', NULL),
(2181, 67, 46, 'ver24.0.0.186', NULL),
(2182, 67, 83, 'ver3.9.141.259', NULL),
(2183, 67, 101, 'ver16.4.29', NULL),
(2184, 67, 89, 'ver3.23.0.2', NULL),
(2185, 67, 28, 'ver7.2.2', NULL),
(2186, 67, 102, 'ver16.02', NULL),
(2187, 67, 67, 'ver12.2.5.195', NULL),
(2188, 67, 63, 'ver50.1.0', NULL),
(2189, 67, 21, 'ver24.0.0.186', NULL),
(2190, 67, 19, 'ver4.42', NULL),
(2191, 68, 88, 'ver1.1.11', NULL),
(2192, 68, 44, 'ver1.0.0', NULL),
(2193, 68, 63, 'ver50.0.2', NULL),
(2194, 68, 46, 'ver24.0.0.186', NULL),
(2195, 68, 21, 'ver24.0.0.186', NULL),
(2196, 69, 88, 'ver2.2.4', NULL),
(2197, 69, 2, 'ver4.6', NULL),
(2198, 69, 46, 'ver24.0.0.186', NULL),
(2199, 69, 21, 'ver24.0.0.186', NULL),
(2200, 69, 56, 'ver2.0.0.372', NULL),
(2201, 69, 9, 'ver5.24', NULL),
(2202, 69, 102, 'ver9.10', NULL),
(2203, 69, 63, 'ver50.1.0', NULL),
(2204, 70, 19, 'ver4.42', NULL),
(2205, 70, 83, 'ver3.9.141.259', NULL),
(2206, 70, 102, 'ver16.02', NULL),
(2207, 70, 64, 'ver12.16.1860', NULL),
(2208, 70, 64, 'ver41.0.2353.69', NULL),
(2209, 70, 63, 'ver50.0.2', NULL),
(2210, 70, 28, 'ver7.2.2', NULL),
(2211, 70, 88, 'ver2.2.4', NULL),
(2212, 70, 67, 'ver12.2.5.195', NULL),
(2213, 70, 89, 'ver3.23.0.2', NULL),
(2214, 70, 9, 'ver5.24', NULL),
(2215, 71, 21, 'ver24.0.0.186', NULL),
(2216, 71, 88, 'ver2.2.4', NULL),
(2217, 71, 102, 'ver16.02', NULL),
(2218, 71, 63, 'ver50.1.0', NULL),
(2219, 71, 83, 'ver3.9.141.259', NULL),
(2220, 71, 28, 'ver7.2.2', NULL),
(2221, 71, 46, 'ver24.0.0.186', NULL),
(2222, 71, 64, 'ver42.0.2393.85', NULL),
(2223, 71, 9, 'ver5.24', NULL),
(2224, 71, 89, 'ver3.23.0.2', NULL),
(2225, 71, 67, 'ver12.2.5.195', NULL),
(2226, 71, 19, 'ver4.42', NULL),
(2227, 72, 63, 'ver50.1.0', NULL),
(2228, 72, 88, 'ver2.2.4', NULL),
(2229, 72, 2, 'ver5.7', NULL),
(2230, 72, 46, 'ver24.0.0.186', NULL),
(2231, 73, 102, 'ver16.02', NULL),
(2232, 73, 101, 'ver15.4.22', NULL),
(2233, 73, 67, 'ver12.2.5.195', NULL),
(2234, 73, 83, 'ver3.9.141.259', NULL),
(2235, 73, 89, 'ver3.23.0.2', NULL),
(2236, 73, 21, 'ver24.0.0.186', NULL),
(2237, 73, 64, 'ver42.0.2393.85', NULL),
(2238, 73, 63, 'ver50.1.0', NULL),
(2239, 73, 46, 'ver24.0.0.186', NULL),
(2240, 73, 88, 'ver2.2.4', NULL),
(2241, 73, 19, 'ver4.42', NULL),
(2242, 73, 28, 'ver7.2.2', NULL),
(2243, 73, 9, 'ver5.22', NULL),
(2244, 74, 102, 'ver9.10', NULL),
(2245, 74, 56, 'ver2.0.0.372', NULL),
(2246, 74, 63, 'ver50.1.0', NULL),
(2247, 74, 2, 'ver4.9', NULL),
(2248, 74, 9, 'ver5.24', NULL),
(2249, 74, 88, 'ver2.2.4', NULL),
(2250, 74, 46, 'ver24.0.0.186', NULL),
(2251, 75, 63, 'ver50.0.2', NULL),
(2252, 75, 46, 'ver23.0.0.185', NULL),
(2253, 75, 88, 'ver2.1.2', NULL),
(2254, 75, 2, 'ver4.6', NULL),
(2255, 75, 21, 'ver23.0.0.205', NULL),
(2256, 76, 76, 'ver3.0', NULL),
(2257, 76, 28, 'ver7.2.2', NULL),
(2258, 76, 64, 'ver41.0.2353.69', NULL),
(2259, 76, 17, 'ver1.22', NULL),
(2260, 76, 65, 'ver4.9.9.2', NULL),
(2261, 76, 46, 'ver23.0.0.207', NULL),
(2262, 76, 21, 'ver23.0.0.207', NULL),
(2263, 76, 67, 'ver12.2.5.195', NULL),
(2264, 76, 83, 'ver3.9.141.259', NULL),
(2265, 76, 89, 'ver3.22.2.2', NULL),
(2266, 76, 9, 'ver5.24', NULL),
(2267, 76, 19, 'ver4.42', NULL),
(2268, 76, 63, 'ver50.0.2', NULL),
(2269, 76, 88, 'ver2.2.4', NULL),
(2270, 4, 96, '', '2016.11.23'),
(2271, 9, 51, '', '2014.11.03'),
(2272, 9, 96, '', '2014.10.28'),
(2273, 11, 96, '', '2016.11.04'),
(2274, 12, 51, '', '2014.08.15'),
(2275, 12, 96, '', '2014.08.18'),
(2276, 13, 96, '', '2016.10.21'),
(2277, 15, 51, '', '2014.08.15'),
(2278, 15, 96, '', '2014.02.07'),
(2279, 16, 51, '', '2016.05.03'),
(2280, 20, 96, '', '2014.08.19'),
(2281, 21, 96, '', '2013.05.25'),
(2282, 23, 96, '', '2015.02.04'),
(2283, 25, 96, '', '2016.11.23'),
(2284, 28, 96, '', '2014.09.06'),
(2285, 29, 96, '', '2013.05.25'),
(2286, 31, 96, '', '2012.11.02'),
(2287, 32, 96, '', '2016.11.04'),
(2288, 33, 96, '', '2014.08.31'),
(2289, 34, 96, '', '2015.01.17'),
(2290, 35, 51, '', '2016.04.04'),
(2291, 35, 96, '', '2016.04.06'),
(2292, 38, 96, '', '2016.11.23'),
(2293, 40, 96, '', '2014.08.19'),
(2294, 41, 51, '', '2014.12.01'),
(2295, 47, 51, '', '2014.08.15'),
(2296, 47, 96, '', '2014.02.07'),
(2297, 53, 51, '', '2016.04.04'),
(2298, 53, 96, '', '2016.04.06'),
(2299, 54, 51, '', '2016.03.25'),
(2300, 54, 96, '', '2015.08.25'),
(2301, 55, 96, '', '2014.08.23'),
(2302, 56, 96, '', '2016.11.23'),
(2303, 60, 96, '', '2016.11.23'),
(2304, 62, 96, '', '2014.11.19'),
(2305, 63, 96, '', '2016.11.23'),
(2306, 66, 51, '', '2016.05.03'),
(2307, 67, 96, '', '2013.11.15'),
(2308, 73, 96, '', '2014.02.07'),
(2309, 76, 96, '', '2013.12.14'),
(2310, 8, 94, '', NULL),
(2311, 9, 5, '', NULL),
(2312, 11, 94, '', NULL),
(2313, 12, 73, '', NULL),
(2314, 12, 94, '', NULL),
(2315, 12, 5, '', NULL),
(2316, 14, 94, '', NULL),
(2317, 15, 5, '', NULL),
(2318, 16, 5, '', NULL),
(2319, 20, 5, '', NULL),
(2320, 22, 5, '', NULL),
(2321, 23, 94, '', NULL),
(2322, 23, 73, '', NULL),
(2323, 23, 5, '', NULL),
(2324, 28, 5, '', NULL),
(2325, 31, 73, '', NULL),
(2326, 31, 94, '', NULL),
(2327, 31, 5, '', NULL),
(2328, 32, 94, '', NULL),
(2329, 39, 94, '', NULL),
(2330, 39, 73, '', NULL),
(2331, 40, 5, '', NULL),
(2332, 41, 5, '', NULL),
(2333, 47, 5, '', NULL),
(2334, 54, 94, '', NULL),
(2335, 54, 73, '', NULL),
(2336, 55, 5, '', NULL),
(2337, 57, 73, '', NULL),
(2338, 58, 5, '', NULL),
(2339, 62, 94, '', NULL),
(2340, 66, 5, '', NULL),
(2341, 67, 5, '', NULL),
(2342, 70, 5, '', NULL),
(2343, 73, 5, '', NULL),
(2344, 76, 94, '', NULL);

--
-- Indexek a kiírt táblákhoz
--

--
-- A tábla indexei `felhasznalok`
--
ALTER TABLE `felhasznalok`
  ADD PRIMARY KEY (`id`),
  ADD UNIQUE KEY `login` (`login`);

--
-- A tábla indexei `gep`
--
ALTER TABLE `gep`
  ADD PRIMARY KEY (`id`);

--
-- A tábla indexei `menu`
--
ALTER TABLE `menu`
  ADD PRIMARY KEY (`id`),
  ADD KEY `szulo` (`szulo`);

--
-- A tábla indexei `szoftver`
--
ALTER TABLE `szoftver`
  ADD PRIMARY KEY (`id`);

--
-- A tábla indexei `telepites`
--
ALTER TABLE `telepites`
  ADD PRIMARY KEY (`id`),
  ADD KEY `gepid` (`gepid`),
  ADD KEY `szoftverid` (`szoftverid`);

--
-- A kiírt táblák AUTO_INCREMENT értéke
--

--
-- AUTO_INCREMENT a táblához `felhasznalok`
--
ALTER TABLE `felhasznalok`
  MODIFY `id` int(10) UNSIGNED NOT NULL AUTO_INCREMENT, AUTO_INCREMENT=34;

--
-- AUTO_INCREMENT a táblához `menu`
--
ALTER TABLE `menu`
  MODIFY `id` int(11) NOT NULL AUTO_INCREMENT, AUTO_INCREMENT=8;

--
-- AUTO_INCREMENT a táblához `szoftver`
--
ALTER TABLE `szoftver`
  MODIFY `id` int(11) UNSIGNED NOT NULL AUTO_INCREMENT, AUTO_INCREMENT=115;

--
-- AUTO_INCREMENT a táblához `telepites`
--
ALTER TABLE `telepites`
  MODIFY `id` int(11) UNSIGNED NOT NULL AUTO_INCREMENT, AUTO_INCREMENT=2345;

--
-- Megkötések a kiírt táblákhoz
--

--
-- Megkötések a táblához `menu`
--
ALTER TABLE `menu`
  ADD CONSTRAINT `menu_ibfk_1` FOREIGN KEY (`szulo`) REFERENCES `menu` (`id`) ON DELETE SET NULL;

--
-- Megkötések a táblához `telepites`
--
ALTER TABLE `telepites`
  ADD CONSTRAINT `telepites_ibfk_2` FOREIGN KEY (`gepid`) REFERENCES `gep` (`id`),
  ADD CONSTRAINT `telepites_ibfk_3` FOREIGN KEY (`szoftverid`) REFERENCES `szoftver` (`id`);
COMMIT;

/*!40101 SET CHARACTER_SET_CLIENT=@OLD_CHARACTER_SET_CLIENT */;
/*!40101 SET CHARACTER_SET_RESULTS=@OLD_CHARACTER_SET_RESULTS */;
/*!40101 SET COLLATION_CONNECTION=@OLD_COLLATION_CONNECTION */;
